-- MySQL dump 10.13  Distrib 5.5.62, for Win32 (AMD64)
--
-- Host: localhost    Database: cloud_note
-- ------------------------------------------------------
-- Server version	5.5.62

/*!40101 SET @OLD_CHARACTER_SET_CLIENT=@@CHARACTER_SET_CLIENT */;
/*!40101 SET @OLD_CHARACTER_SET_RESULTS=@@CHARACTER_SET_RESULTS */;
/*!40101 SET @OLD_COLLATION_CONNECTION=@@COLLATION_CONNECTION */;
/*!40101 SET NAMES utf8 */;
/*!40103 SET @OLD_TIME_ZONE=@@TIME_ZONE */;
/*!40103 SET TIME_ZONE='+00:00' */;
/*!40014 SET @OLD_UNIQUE_CHECKS=@@UNIQUE_CHECKS, UNIQUE_CHECKS=0 */;
/*!40014 SET @OLD_FOREIGN_KEY_CHECKS=@@FOREIGN_KEY_CHECKS, FOREIGN_KEY_CHECKS=0 */;
/*!40101 SET @OLD_SQL_MODE=@@SQL_MODE, SQL_MODE='NO_AUTO_VALUE_ON_ZERO' */;
/*!40111 SET @OLD_SQL_NOTES=@@SQL_NOTES, SQL_NOTES=0 */;

--
-- Current Database: `cloud_note`
--

CREATE DATABASE /*!32312 IF NOT EXISTS*/ `cloud_note` /*!40100 DEFAULT CHARACTER SET utf8 */;

USE `cloud_note`;

--
-- Table structure for table `cn_activity`
--

DROP TABLE IF EXISTS `cn_activity`;
/*!40101 SET @saved_cs_client     = @@character_set_client */;
/*!40101 SET character_set_client = utf8 */;
CREATE TABLE `cn_activity` (
  `cn_activity_id` varchar(100) NOT NULL COMMENT '活动ID',
  `cn_activity_title` varchar(500) DEFAULT NULL COMMENT '活动标题',
  `cn_activity_body` text COMMENT '活动介绍(html片段)',
  `cn_activity_end_time` bigint(20) DEFAULT NULL COMMENT '活动结束时间',
  PRIMARY KEY (`cn_activity_id`)
) ENGINE=InnoDB DEFAULT CHARSET=utf8;
/*!40101 SET character_set_client = @saved_cs_client */;

--
-- Dumping data for table `cn_activity`
--

LOCK TABLES `cn_activity` WRITE;
/*!40000 ALTER TABLE `cn_activity` DISABLE KEYS */;
INSERT INTO `cn_activity` VALUES ('1','Java','Java技术征文',NULL),('10','测试','测试技术征文',NULL),('11','大数据','大数据技术征文',NULL),('2','.net','.net技术征文',NULL),('3','C++','C++技术征文',NULL),('4','IOS','IOS技术征文',NULL),('5','Andriod','Android技术征文',NULL),('6','网络营销','网络营销技术征文',NULL),('7','嵌入式','嵌入式技术征文',NULL),('8','PHP','PHP技术征文',NULL),('9','UID','UID技术征文',NULL);
/*!40000 ALTER TABLE `cn_activity` ENABLE KEYS */;
UNLOCK TABLES;

--
-- Table structure for table `cn_activity_status`
--

DROP TABLE IF EXISTS `cn_activity_status`;
/*!40101 SET @saved_cs_client     = @@character_set_client */;
/*!40101 SET character_set_client = utf8 */;
CREATE TABLE `cn_activity_status` (
  `cn_activity_status_id` varchar(100) NOT NULL COMMENT '活动状态ID',
  `cn_activity_id` varchar(100) DEFAULT NULL COMMENT '活动ID',
  `cn_activity_status_code` varchar(500) DEFAULT NULL COMMENT '活动状态Code',
  `cn_activity_status_name` varchar(500) DEFAULT NULL COMMENT '活动状态名称',
  PRIMARY KEY (`cn_activity_status_id`),
  KEY `FK_Reference_9` (`cn_activity_id`),
  CONSTRAINT `FK_Reference_9` FOREIGN KEY (`cn_activity_id`) REFERENCES `cn_activity` (`cn_activity_id`)
) ENGINE=InnoDB DEFAULT CHARSET=utf8;
/*!40101 SET character_set_client = @saved_cs_client */;

--
-- Dumping data for table `cn_activity_status`
--

LOCK TABLES `cn_activity_status` WRITE;
/*!40000 ALTER TABLE `cn_activity_status` DISABLE KEYS */;
INSERT INTO `cn_activity_status` VALUES ('1','1','normal','normal');
/*!40000 ALTER TABLE `cn_activity_status` ENABLE KEYS */;
UNLOCK TABLES;

--
-- Table structure for table `cn_note`
--

DROP TABLE IF EXISTS `cn_note`;
/*!40101 SET @saved_cs_client     = @@character_set_client */;
/*!40101 SET character_set_client = utf8 */;
CREATE TABLE `cn_note` (
  `cn_note_id` varchar(100) NOT NULL COMMENT '笔记ID',
  `cn_notebook_id` varchar(100) DEFAULT NULL COMMENT '笔记本ID',
  `cn_user_id` varchar(100) DEFAULT NULL COMMENT '用户ID',
  `cn_note_status_id` varchar(100) DEFAULT NULL COMMENT '笔记状态ID:备用',
  `cn_note_type_id` varchar(100) DEFAULT NULL COMMENT '笔记本类型ID：备用',
  `cn_note_title` varchar(500) DEFAULT NULL COMMENT '笔记标题',
  `cn_note_body` text COMMENT '笔记内容',
  `cn_note_create_time` bigint(20) DEFAULT NULL COMMENT '笔记创建时间',
  `cn_note_last_modify_time` bigint(20) DEFAULT NULL COMMENT '笔记最近修改时间',
  PRIMARY KEY (`cn_note_id`),
  KEY `FK_Reference_2` (`cn_notebook_id`),
  KEY `FK_Reference_3` (`cn_user_id`),
  KEY `FK_Reference_7` (`cn_note_status_id`),
  KEY `FK_Reference_8` (`cn_note_type_id`)
) ENGINE=InnoDB DEFAULT CHARSET=utf8;
/*!40101 SET character_set_client = @saved_cs_client */;

--
-- Dumping data for table `cn_note`
--

LOCK TABLES `cn_note` WRITE;
/*!40000 ALTER TABLE `cn_note` DISABLE KEYS */;
INSERT INTO `cn_note` VALUES ('003ec2a1-f975-4322-8e4d-dfd206d6ac0c','516f6f4f-eaa3-4c76-84ff-530b92c7f64d',NULL,'1',NULL,'Test Title','Test Body111',1403252773281,1586220064584),('019cd9e1-b629-4d8d-afd7-2aa9e2d6afe0','4b86d1f9-6345-4532-bc50-ee86442f004b','39295a3d-cc9b-42b4-b206-a2e7fab7e77c','1',NULL,'默认1','',1402538216250,1402538216250),('01da5d69-89d5-4140-9585-b559a97f9cb0','6d763ac9-dca3-42d7-a2a7-a08053095c08','39295a3d-cc9b-42b4-b206-a2e7fab7e77c','1',NULL,'大方地爱上撒旦发斯蒂芬','',1402562696503,1402562696503),('046b0110-67f9-48c3-bef3-b0b23bda9d4e','6d763ac9-dca3-42d7-a2a7-a08053095c08','39295a3d-cc9b-42b4-b206-a2e7fab7e77c','1',NULL,'啊啊啊啊','<p>灌灌灌灌灌灌灌灌灌<br/></p>',1402649092885,1402649092885),('051538a6-0f8e-472c-8765-251a795bc88f','0037215c-09fe-4eaa-aeb5-25a340c6b39b','52f9b276-38ee-447f-a3aa-0d54e7a736e4','1',NULL,'wsf1','<p>wsf<br/></p>',0,1403071652506),('054449b4-93d4-4f97-91cb-e0043fc4497f','20b4cbec-bd55-4c21-9c41-3a11ada2b803','39295a3d-cc9b-42b4-b206-a2e7fab7e77c','1',NULL,'笔记1——132','<p>阿斯顿辅导费的阿萨德东方</p><p>爱的色放飞速达阿萨德</p><p>阿萨德撒地方 撒旦法撒旦按时发达发放倒萨士大夫</p><p>阿萨德法撒旦阿斯蒂芬123123<br/></p>',1402969784628,1402969784628),('066af16d-183b-41ff-8a7c-8a8bd6bfccb4','6d763ac9-dca3-42d7-a2a7-a08053095c08','39295a3d-cc9b-42b4-b206-a2e7fab7e77c','1',NULL,'19','',1402919272546,1402919272546),('07305c91-d9fa-420d-af09-c3ff209608ff','d92e6b86-e48a-485d-8f11-04a93818bb42','48595f52-b22c-4485-9244-f4004255b972','1',NULL,'1——4','<p>测试</p><p>1——4</p><p>1——4</p><p>1——4</p><p>1——4</p><p>1——4</p><p>1——4<br/></p>',0,1402899128531),('09f60aeb-a573-4fcf-b39f-903e1536e762','20b4cbec-bd55-4c21-9c41-3a11ada2b803','39295a3d-cc9b-42b4-b206-a2e7fab7e77c','1',NULL,'安装笔记','<p>首先配置环境~<br/></p>',1403071043166,1403071043166),('0a233251-8991-493c-87c8-d36e9433eae3','b8080f1b-bb1e-4929-853c-b1cd1e2ff7a5','39295a3d-cc9b-42b4-b206-a2e7fab7e77c','1',NULL,'19','',1402637116884,1402637116884),('0a652205-c8af-41e0-986a-80d0cdecc996','64639e62-9241-4efb-874b-01e97257cb6e','333c6d0b-e4a2-4596-9902-a5d98c2f665a','1',NULL,'tttt1_11','',1402883300967,1402883300967),('0c8b7f7e-0336-4220-9774-fd97d2cd0c40','d0b0727f-a233-4a1f-8600-f49fc1f25bc9','48595f52-b22c-4485-9244-f4004255b972','1',NULL,'1——5','<p>1——5</p><p>1——5</p><p>1——5</p><p>1——5</p><p>1——5</p><p>1——5</p><p><br/></p>',1402968794996,1402968794996),('0ed5aed5-baf0-4f00-9dbf-8da105b16bb2','6d763ac9-dca3-42d7-a2a7-a08053095c08','39295a3d-cc9b-42b4-b206-a2e7fab7e77c','1',NULL,'1——4','<p>测试</p><p>1——4</p><p>1——4</p><p>1——4</p><p>1——4</p><p>1——4</p><p>1——4<br/></p>',1402919263680,1402919263680),('1153295f-d1a5-4a39-b794-980633bdc3d8','b8080f1b-bb1e-4929-853c-b1cd1e2ff7a5','39295a3d-cc9b-42b4-b206-a2e7fab7e77c','1',NULL,'25','',1402637132393,1402637132393),('11a06d13-3285-46a9-bbd5-44cf932fee28','1d46f5db-f569-4c05-bdba-75106108fcba','39295a3d-cc9b-42b4-b206-a2e7fab7e77c','1',NULL,'13','',1402916621416,1402916621416),('13e57ce4-f302-498d-a0b2-df9697dc6941','d0b0727f-a233-4a1f-8600-f49fc1f25bc9','48595f52-b22c-4485-9244-f4004255b972','1',NULL,'1——5','<p>1——5</p><p>1——5</p><p>1——5</p><p>1——5</p><p>1——5</p><p>1——5</p><p><br/></p>',1402968940222,1402968940222),('148800c2-885d-41be-bd9a-581763138074','1db556b9-d1dc-4ed9-8274-45cf0afbe859','48595f52-b22c-4485-9244-f4004255b972','1',NULL,'测试参加活动——乱七八糟','<p>11</p>',1402998302623,1586223025771),('154ef2d2b1bb438785e969a4e821dadd','ac41f2c196484f7bb5cf9d5617aadeb2','99a001f73dec41c5b70fb5d9584cefbf','1','1','ECE 656 Class Note1','<p>Introduction to Database systems</p>',1586483026164,1586483038212),('163e1c76-0461-4122-930f-47f36fdf0ebe','6d763ac9-dca3-42d7-a2a7-a08053095c08','39295a3d-cc9b-42b4-b206-a2e7fab7e77c','1',NULL,'Demo2','',1404865129059,1404865129059),('16742fb6-d579-4d85-94db-176abab634a3','1d46f5db-f569-4c05-bdba-75106108fcba','39295a3d-cc9b-42b4-b206-a2e7fab7e77c','1',NULL,'13','',1402918283097,1402918283097),('16edebdb-861b-47e2-a34a-657fe3bcab62','d0b0727f-a233-4a1f-8600-f49fc1f25bc9','48595f52-b22c-4485-9244-f4004255b972','1',NULL,'测试收藏活动笔记——1','<p>测试收藏活动笔记——1测试收藏活动笔记——1测试收藏活动笔记——1测试收藏活动笔记——1测试收藏活动笔记——1测试收藏活动笔记——1测试收藏活动笔记——1测试收藏活动笔记——1测试收藏活动笔记——1测试收藏活动笔记——1测试收藏活动笔记——1测试收藏活动笔记——1</p>',1402999371188,1402999371188),('17f280ec-6843-45e6-9d72-db5ae207cc4b','6d763ac9-dca3-42d7-a2a7-a08053095c08','39295a3d-cc9b-42b4-b206-a2e7fab7e77c','1',NULL,'5','',1402919759537,1402919759537),('183ddc33-f00c-4275-bc8b-c35bd6a65369','6d763ac9-dca3-42d7-a2a7-a08053095c08','39295a3d-cc9b-42b4-b206-a2e7fab7e77c','1',NULL,'1——4','<p>测试</p><p>1——4</p><p>1——4</p><p>1——4</p><p>1——4</p><p>1——4</p><p>1——4<br/></p>',1402919277712,1402919277712),('19fbb55b-0541-433b-a7cd-dba52220a447','- è¯·éæ© -','48595f52-b22c-4485-9244-f4004255b972','1',NULL,'1——3','<p>1——3</p><p>1——3</p><p>1——3</p><p>1——3</p><p>1——3</p><p>1——3</p><p>1——3</p><p>1——3</p><p>1——3</p><p>1——3</p><p>1——3</p><p>1——3</p><p><br/></p>',0,1402899871755),('1c138a71-bdee-4371-b082-f16a04e67c85','1d46f5db-f569-4c05-bdba-75106108fcba','39295a3d-cc9b-42b4-b206-a2e7fab7e77c','1',NULL,'13','',1402918325867,1402918325867),('1db4a1d8-76cc-46bb-9e30-9e67f0932530','b8080f1b-bb1e-4929-853c-b1cd1e2ff7a5','39295a3d-cc9b-42b4-b206-a2e7fab7e77c','1',NULL,'32','',1402637151788,1402637151788),('1e4d404d-4724-4092-a194-465a5ef71b27','6d763ac9-dca3-42d7-a2a7-a08053095c08','39295a3d-cc9b-42b4-b206-a2e7fab7e77c','1',NULL,'1——4','<p>测试</p><p>1——4</p><p>1——4</p><p>1——4</p><p>1——4</p><p>1——4</p><p>1——4<br/></p>',1402919272470,1402919272470),('1ec185d6-554a-481b-b322-b562485bb8e8','e46239d6-4f54-426c-a448-f7a0d45f9425','ea09d9b1-ede7-4bd8-b43d-a546680df00b','1',NULL,'笔记1——1','',1402539212256,1402539212256),('2013b419-4439-4109-b4db-c2cc1b58a1b9','516f6f4f-eaa3-4c76-84ff-530b92c7f64d',NULL,'1',NULL,'title1...','笔记笔记。。。',1403252700835,1403252700835),('20d13284-37f6-41d3-a3ce-005cbf36b5fd','6d763ac9-dca3-42d7-a2a7-a08053095c08','39295a3d-cc9b-42b4-b206-a2e7fab7e77c','1',NULL,'1——1','<p>1——11——11——11——11——11——11——11——11——11——11——11——11——1</p>',1402914461289,1402914461289),('22222222222222222222222222222222222','8888888888888888888888888888888888','524f7440-7283-4b2d-8af5-4a67570e892e','1',NULL,'收藏测试一','呜呜呜呜呜呜呜呜呜呜呜呜呜呜呜呜呜呜呜呜呜呜呜呜',NULL,NULL),('2228527e-1cad-4318-94ee-3749a4dc25ce','0cd94778-4d52-486d-a35d-263b3cfe6de9','39295a3d-cc9b-42b4-b206-a2e7fab7e77c','1',NULL,'ssss','<p>asdfasdfasdf<br/></p>',0,1402914260159),('23b5d235-efc0-493e-9b34-e791adeeadb4','d0b0727f-a233-4a1f-8600-f49fc1f25bc9','48595f52-b22c-4485-9244-f4004255b972','1',NULL,'22','',1402888790355,1402888790355),('24097647-fdb5-4617-ba74-2e1d567fa938','d0b0727f-a233-4a1f-8600-f49fc1f25bc9','48595f52-b22c-4485-9244-f4004255b972','1',NULL,'我勒个去','我勒个去~~~~~',1402999239423,1402999239423),('2578720c-4132-45a7-8c2e-07ba6803caeb','1db556b9-d1dc-4ed9-8274-45cf0afbe859','48595f52-b22c-4485-9244-f4004255b972','2',NULL,'测试参加活动——乱七八糟','',1402997732177,1402997732177),('26b4c01182f6429a8a5f59c79768916c','1db556b9-d1dc-4ed9-8274-45cf0afbe859','48595f52-b22c-4485-9244-f4004255b972','1','1','新建',NULL,1586306249489,1586306249489),('2799f531-8daa-480b-b2b8-52f21e711304','6d763ac9-dca3-42d7-a2a7-a08053095c08','39295a3d-cc9b-42b4-b206-a2e7fab7e77c','1',NULL,'New笔记','',1412414453656,1412414453656),('2b0aa581-13fb-4e2c-afd7-d5fc476320f4','d0b0727f-a233-4a1f-8600-f49fc1f25bc9','48595f52-b22c-4485-9244-f4004255b972','1',NULL,'笔记2——1','<p>笔记2——1笔记2——1笔记2——1笔记2——1笔记2——1笔记2——1笔记2——1</p><p>笔记2——1笔记2——1笔记2——1笔记2——1笔记2——1笔记2——1笔记2——1笔记2——1笔记2——1笔记2——1笔记2——1笔记2——1笔记2——1</p>',1402914977272,1402914977272),('2bb18224-34b1-4b3e-9cfa-c72dbfd55e26','d0b0727f-a233-4a1f-8600-f49fc1f25bc9','48595f52-b22c-4485-9244-f4004255b972','1',NULL,'1——1','<p>1——11——11——11——11——11——11——11——11——11——11——11——11——1</p>',1402914980384,1402914980384),('2bf546b5-b2b7-474a-9dfd-6996d3091914','6d763ac9-dca3-42d7-a2a7-a08053095c08','39295a3d-cc9b-42b4-b206-a2e7fab7e77c','1',NULL,'16','',1402919277912,1402919277912),('2d7db056-52a9-44b3-8ffa-575625a00a6a','6d763ac9-dca3-42d7-a2a7-a08053095c08','39295a3d-cc9b-42b4-b206-a2e7fab7e77c','1',NULL,'25','',1402919607427,1402919607427),('2deb2a36-5c39-44e0-9b94-03d869910c87','1d46f5db-f569-4c05-bdba-75106108fcba','39295a3d-cc9b-42b4-b206-a2e7fab7e77c','1',NULL,'13','',1402917137032,1402917137032),('2e22d7f656ac43dd8fc6b7db408dff4a','ac41f2c196484f7bb5cf9d5617aadeb2','99a001f73dec41c5b70fb5d9584cefbf','1','1','ECE 651 Class Note1','<p>High level Software Engineering</p>',1586483077559,1586483097827),('2f85e280-60c6-41a8-a1c3-e27df98dc7fd','b8080f1b-bb1e-4929-853c-b1cd1e2ff7a5','39295a3d-cc9b-42b4-b206-a2e7fab7e77c','1',NULL,'阿萨德','<p>切切切切切切切切切切切切切切切切切切切切切切切切切切切切切切切切切切切切切切切切切切切切切切切切切切切切切切切切切切切切切切切切切切切切切切切切切切切切切切切切切切切切切切切切切去切切切切切切切切切切切切切切切切切切切切切切切切切切切切切切切切切切切切切切切切切切切切切切切切切切去切切切切切切切切切切去去去去去去起起切切切切切切切切切切切切切切切切切切切切切起起切切切切切切切切切切切切切切切切切切切切切切切切切切切切切去前切切切切切切切切切切切切切切切切切切切切切切切切切去起起切切切切切切切切切切切切切切切切切切切切切去去&nbsp;&nbsp;&nbsp;&nbsp; 切切切切切切切切切切切切切切切切切切切哇哇哇哇哇哇哇哇哇哇哇哇哇哇哇哇哇哇哇哇哇哇哇哇哇哇哇哇哇哇哇<br/></p>',0,1402562171722),('3139eeac-1498-42b0-8f57-c7c48a6e3cce','6d763ac9-dca3-42d7-a2a7-a08053095c08','39295a3d-cc9b-42b4-b206-a2e7fab7e77c','1',NULL,'19','',1402919606934,1402919606934),('3238f91d-3be7-41d6-acd3-62d0b905203f','b8080f1b-bb1e-4929-853c-b1cd1e2ff7a5','39295a3d-cc9b-42b4-b206-a2e7fab7e77c','1',NULL,'9','',1402637089651,1402637089651),('326f17e8-ff04-4a79-b33b-ae4bb3bb5f1b','59b354f8-47ae-437d-a432-7d28736bd894','48595f52-b22c-4485-9244-f4004255b972','1',NULL,'测试收藏活动笔记——1','<p>测试收藏活动笔记——1测试收藏活动笔记——1测试收藏活动笔记——1测试收藏活动笔记——1测试收藏活动笔记——1测试收藏活动笔记——1测试收藏活动笔记——1测试收藏活动笔记——1测试收藏活动笔记——1测试收藏活动笔记——1测试收藏活动笔记——1测试收藏活动笔记——1</p>',0,1403232246545),('334d6521-bebf-4f1a-8239-2128a4e828cc','8be77c36-3cd5-4727-a8a9-071316a2eb11','39295a3d-cc9b-42b4-b206-a2e7fab7e77c','1',NULL,'撒地方','',1402650671487,1402650671487),('344bcbb8-f768-4696-9de3-e1a96f7e8f94','2a4ca5bb-3073-4194-9d4e-5db0ec5c0998','48595f52-b22c-4485-9244-f4004255b972','1',NULL,'1——3','<p>1——21——21——21——21——21——21——21——21——21——21——21——2</p>',0,1586221497469),('34c8d6db-ecca-4922-9b61-929128fbc4bf','d0b0727f-a233-4a1f-8600-f49fc1f25bc9','48595f52-b22c-4485-9244-f4004255b972','1',NULL,'测试参加活动——11111111111','',1402968946017,1402968946017),('3621cb2a-a40d-496f-8505-48725462f68d','516f6f4f-eaa3-4c76-84ff-530b92c7f64d',NULL,'1',NULL,'title1...','笔记笔记。。。',1403253179476,1403253179476),('3651f802-aac2-4337-b700-68857c2cb04c','b8080f1b-bb1e-4929-853c-b1cd1e2ff7a5','39295a3d-cc9b-42b4-b206-a2e7fab7e77c','1',NULL,'21','',1402637122195,1402637122195),('387218b8e33d42a8b265c69423d86edd','73338a8837e14668b561f29b9c31f0b6','99a001f73dec41c5b70fb5d9584cefbf','1','1','测试D','<p>求Offer</p>',1586308763396,1586308774637),('3ac187a9-6499-4ce9-b104-4448f64667c8','d0b0727f-a233-4a1f-8600-f49fc1f25bc9','48595f52-b22c-4485-9244-f4004255b972','1',NULL,'16','',1402968801261,1402968801261),('3c6f1cd5-8799-4533-bbdf-bbf48771e95e','4b86d1f9-6345-4532-bc50-ee86442f004b','39295a3d-cc9b-42b4-b206-a2e7fab7e77c','1',NULL,'笔记4','',1402538197794,1402538197794),('3dd942ec-9fff-4f64-b25b-b4c93125248d','6d763ac9-dca3-42d7-a2a7-a08053095c08','39295a3d-cc9b-42b4-b206-a2e7fab7e77c','1',NULL,'13','',1402918891706,1402918891706),('3f50370a-8cc1-4acb-80e8-6e52c8d1061b','6d763ac9-dca3-42d7-a2a7-a08053095c08','39295a3d-cc9b-42b4-b206-a2e7fab7e77c','1',NULL,'13','',1402918834283,1402918834283),('3f61785d-c808-4cf9-9009-d2f88e5bbe2f','2a4ca5bb-3073-4194-9d4e-5db0ec5c0998','48595f52-b22c-4485-9244-f4004255b972','1',NULL,'1——1','<p>1——11——11——11——11——11——11——11——11——11——11——11——11——1</p>',1402890985221,1402890985221),('3febebb3-a1b7-45ac-83ba-50cdb41e5fc1','fa8d3d9d-2de5-4cfe-845f-951041bcc461','524f7440-7283-4b2d-8af5-4a67570e892e','1',NULL,'我了个草~','<p>我了个草~我了个草~我了个草~我了个草~我了个草~我了个草~我了个草~我了个草~我了个草~我了个草~我了个草~我了个草~我了个草~我了个草~</p>',0,1402649660490),('41712949-4a1a-4e24-944a-9b8ed1001238','- é»è®¤ç¬è®°æ¬ -','524f7440-7283-4b2d-8af5-4a67570e892e','1',NULL,'323333','',1402654640182,1402654640182),('42a84ff7-198e-4c73-abdc-95f0fdc718f8','b8080f1b-bb1e-4929-853c-b1cd1e2ff7a5','39295a3d-cc9b-42b4-b206-a2e7fab7e77c','1',NULL,'1','<p>11111<br/></p>',0,1402637069017),('43da4a7b-0f3f-4f3b-97c4-cc522b585375','b8080f1b-bb1e-4929-853c-b1cd1e2ff7a5','39295a3d-cc9b-42b4-b206-a2e7fab7e77c','1',NULL,'26','',1402637134622,1402637134622),('446fb256-611e-4c1e-884a-32f62896139a','b8080f1b-bb1e-4929-853c-b1cd1e2ff7a5','39295a3d-cc9b-42b4-b206-a2e7fab7e77c','1',NULL,'13111','<p>aaaa<br/></p>',0,1402648172055),('44a2478d-41c4-4fd8-a5f5-711e712a7b45','6d763ac9-dca3-42d7-a2a7-a08053095c08','39295a3d-cc9b-42b4-b206-a2e7fab7e77c','1',NULL,'测试参加活动——11111111111','',1402919214128,1402919214128),('48338ef9-eaef-4103-abc6-cf6fc2eb4f69','20b4cbec-bd55-4c21-9c41-3a11ada2b803','39295a3d-cc9b-42b4-b206-a2e7fab7e77c','1',NULL,'测试参加活动——11111111111','',1402998283023,1402998283023),('4949cfde-1766-4d9b-a933-4f1c8365b75b','8be77c36-3cd5-4727-a8a9-071316a2eb11','39295a3d-cc9b-42b4-b206-a2e7fab7e77c','1',NULL,'对对对对对对对11','',1402913141589,1402913141589),('4a5d4712-7294-4767-b193-1ebc1025a613','1d46f5db-f569-4c05-bdba-75106108fcba','39295a3d-cc9b-42b4-b206-a2e7fab7e77c','1',NULL,'1——1','<p>1——11——11——11——11——11——11——11——11——11——11——11——11——1</p>',1402914487711,1402914487711),('4b120bb5-2828-436c-b116-317c466d92a7','6d763ac9-dca3-42d7-a2a7-a08053095c08','39295a3d-cc9b-42b4-b206-a2e7fab7e77c','1',NULL,'5','',1402919718835,1402919718835),('4e26ba27-7d01-4dd0-8ca5-cd679beaffb5','b8080f1b-bb1e-4929-853c-b1cd1e2ff7a5','39295a3d-cc9b-42b4-b206-a2e7fab7e77c','1',NULL,'5','',1402637080618,1402637080618),('52f05a14-b88d-4a70-8166-991d9b663854','b8080f1b-bb1e-4929-853c-b1cd1e2ff7a5','39295a3d-cc9b-42b4-b206-a2e7fab7e77c','1',NULL,'20','',1402637119802,1402637119802),('53d1b3ed-59a1-4715-a7b2-9027b0d551e0','0cd94778-4d52-486d-a35d-263b3cfe6de9','39295a3d-cc9b-42b4-b206-a2e7fab7e77c','1',NULL,'周佳note','<p>阿斯顿撒旦法撒旦撒旦撒地方</p><p>阿斯蒂芬阿斯蒂芬as阿斯蒂芬</p><p>sadf爱上</p><p>士大夫</p><p>sadf asd飞as的fsd飞as东方</p><p>阿斯蒂芬</p><p>阿斯蒂芬<br/></p>',0,1402902425283),('5526071b-8e3d-4dbf-ad43-b70e23fedafb','d0b0727f-a233-4a1f-8600-f49fc1f25bc9','48595f52-b22c-4485-9244-f4004255b972','1',NULL,'笔记2——1','<p>笔记2——1笔记2——1笔记2——1笔记2——1笔记2——1笔记2——1笔记2——1</p><p>笔记2——1笔记2——1笔记2——1笔记2——1笔记2——1笔记2——1笔记2——1笔记2——1笔记2——1笔记2——1笔记2——1笔记2——1笔记2——1</p>',1402968789899,1402968789899),('5565bda4-ddee-4f87-844e-2ba83aa4925f','d92e6b86-e48a-485d-8f11-04a93818bb42','48595f52-b22c-4485-9244-f4004255b972','1',NULL,'1——5','<p>1——5</p><p>1——5</p><p>1——5</p><p>1——5</p><p>1——5</p><p>1——5</p><p><br/></p>',0,1402888400626),('55f9168bed7f4776aa8947b966d2d559','29b4371417f044bba7256a9e00fca045','48595f52-b22c-4485-9244-f4004255b972','1','1','测试笔记本','<p><span style=\"font-family:宋体, SimSun;font-size:32px\">测试1</span></p><p><span style=\"font-family:黑体, SimHei;font-size:10px\"><strong>您好</strong></span></p>',1586306101573,1586307538318),('5627a403-7ae8-4863-8c9e-66618e9489a0','6d763ac9-dca3-42d7-a2a7-a08053095c08','39295a3d-cc9b-42b4-b206-a2e7fab7e77c','1',NULL,'13','',1402917084511,1402917084511),('578f3584-92e6-4632-97e4-ad95426e6902','b8080f1b-bb1e-4929-853c-b1cd1e2ff7a5','39295a3d-cc9b-42b4-b206-a2e7fab7e77c','1',NULL,'士大夫撒','<p>阿斯顿发送到<br/></p>',0,1402650660588),('579b3691-5dbe-4f00-ac14-211dff88edfc','20b4cbec-bd55-4c21-9c41-3a11ada2b803','39295a3d-cc9b-42b4-b206-a2e7fab7e77c','1',NULL,'测试参加活动——乱七八糟','',1402998352993,1402998352993),('584043b2-5156-44b0-bf7c-5943abd83f5d','009380f9-f663-4cdf-817e-5ef0257dc220','39295a3d-cc9b-42b4-b206-a2e7fab7e77c','1',NULL,'笔记1_1111','<p>asdfasdfasdf<br/></p>',0,1402538676138),('595ea429-9487-4601-9ce2-e0c0383773ed','d0b0727f-a233-4a1f-8600-f49fc1f25bc9','48595f52-b22c-4485-9244-f4004255b972','1',NULL,'13','',1402890408368,1402890408368),('5a20819a-6b55-4479-81e7-f3913c26671a','c8d81ee5-f8cd-49e8-b2e6-ab174a926d95','48595f52-b22c-4485-9244-f4004255b972','1',NULL,'2222222222222222','',1403486900967,1403486900967),('5c59bc2d-6e7d-4ad9-b0e1-1a871ee8694d','b8080f1b-bb1e-4929-853c-b1cd1e2ff7a5','39295a3d-cc9b-42b4-b206-a2e7fab7e77c','1',NULL,'31','',1402637149407,1402637149407),('5d1a0678-57f7-4bbd-ac4a-323505da94b2','af8be968-66bb-4b75-ac5d-d7deb772640f','39295a3d-cc9b-42b4-b206-a2e7fab7e77c','1',NULL,'abc','',1403079755071,1403079755071),('5d9587d3-b15a-486a-970d-9964c5b2410e','0b11444a-a6d6-45ff-8d46-282afaa6a655','39295a3d-cc9b-42b4-b206-a2e7fab7e77c','1',NULL,'aaaa','<p>个梵蒂冈凤飞飞大方地<br/></p>',0,1402904597637),('5efc0d6a-1fe3-45d5-863f-618d403a6d7f','b8080f1b-bb1e-4929-853c-b1cd1e2ff7a5','39295a3d-cc9b-42b4-b206-a2e7fab7e77c','1',NULL,'7','',1402637084679,1402637084679),('60480071-f989-4945-9b1c-0d2aba07ae96','- é»è®¤ç¬è®°æ¬ -','524f7440-7283-4b2d-8af5-4a67570e892e','1',NULL,'测试参加活动——乱七八糟','<p>测试测试测试测试测试测试测试测试测试测试测试测试测试测试测试测试测试测试测试测试测试测试测试测试测试测试测试测试测试测试测试测试测试测试测试测试测试测试测试测试测试测试测试测试测试测试测试测试测试测试测试测试测试测试测试测试测试测试测试测试测试测试测试测试测试测试测试测试测试测试测试测试测试测试测试测试测试测试测试测试测试测试测试测试测试测试测试测试测试测试测试测试测试测试测试测试测试测试测试测试测试</p>',0,1402886904219),('61c6755f-a078-4329-a2b4-5a97eeefd96b','d0b0727f-a233-4a1f-8600-f49fc1f25bc9','48595f52-b22c-4485-9244-f4004255b972','1',NULL,'19','',1402968942982,1402968942982),('65731b69-409c-47b9-866b-b283840b2723','8be77c36-3cd5-4727-a8a9-071316a2eb11','39295a3d-cc9b-42b4-b206-a2e7fab7e77c','1',NULL,'阿迪发生的','',1402650114086,1402650114086),('668354a9-c7b4-46a0-9a6d-b138cdefc941','0cd94778-4d52-486d-a35d-263b3cfe6de9','39295a3d-cc9b-42b4-b206-a2e7fab7e77c','1',NULL,'aaaa','<p>啊啊啊啊啊啊啊啊啊啊啊啊</p><p>啊啊啊啊啊啊啊啊啊啊啊啊啊啊啊啊啊啊啊</p><p><br/></p><p><br/></p><p>啊&nbsp;&nbsp;&nbsp;&nbsp;&nbsp;&nbsp;&nbsp;&nbsp;&nbsp;&nbsp;&nbsp;&nbsp;&nbsp;&nbsp;&nbsp;&nbsp;&nbsp;&nbsp;&nbsp; 啊啊啊啊啊啊啊啊啊啊啊啊啊啊啊啊</p><p>啊&nbsp;&nbsp;&nbsp;&nbsp;&nbsp;&nbsp;&nbsp;&nbsp;&nbsp;&nbsp;&nbsp;&nbsp;&nbsp;&nbsp;&nbsp;&nbsp;&nbsp;&nbsp;&nbsp;&nbsp;&nbsp;&nbsp;&nbsp;&nbsp;&nbsp; 啊啊啊啊啊啊啊啊啊啊啊啊啊啊啊啊啊啊啊</p><p>啊&nbsp; 啊啊安装啊擦杀手锏几十封水电费哈数据库电话费阿迪少喝咖啡哈苏丹红将SD卡后方可发生东方航空阿飞啊剑神发哈卡斯加和东方加水电费哈斯卡东方红卡萨京东方看见司法局分开奖号覅王全覆盖撒地方将和的发射到发神经货到付款级啊双飞刀暗红色的罚款京哈卡加少废话卡加水电费卡拉斯电话费卡加水电费就啊哈撒地方库哈斯电话费卡萨丁后发生剪短发了卡萨京东方缴费【if圣诞节罚款加阿斯顿发货阿斯顿减肥撒旦了咖啡机收到啊剑神咖啡哈桑就款到发货爱上积分卡水井坊路口减肥拉斯克奖分拉斯克奖法拉克水煎服啊拉斯克奖地方阿拉山口缴费乐俊凯减肥拉斯克奖发了卡萨京东方看京东方<br/></p>',0,1402652119099),('66e0670f-41d2-4ad4-a5b7-f6da247627df','1d46f5db-f569-4c05-bdba-75106108fcba','39295a3d-cc9b-42b4-b206-a2e7fab7e77c','1',NULL,'5','',1402921262893,1402921262893),('687e77a3-64e3-44ad-875b-83517a158196','d0e7ce0d-4893-4705-a51a-9a73d259bc70','39295a3d-cc9b-42b4-b206-a2e7fab7e77c','1',NULL,'撒地方','<p>撒旦法撒旦<br/></p>',0,1402650636320),('6925aa4d-c9a8-4cbc-ae53-cb44067ae901','20b4cbec-bd55-4c21-9c41-3a11ada2b803','39295a3d-cc9b-42b4-b206-a2e7fab7e77c','1',NULL,'aaaa','<p>啊啊啊啊啊啊啊啊啊啊啊啊</p><p>啊啊啊啊啊啊啊啊啊啊啊啊啊啊啊啊啊啊啊</p><p><br/></p><p><br/></p><p>啊&nbsp;&nbsp;&nbsp;&nbsp;&nbsp;&nbsp;&nbsp;&nbsp;&nbsp;&nbsp;&nbsp;&nbsp;&nbsp;&nbsp;&nbsp;&nbsp;&nbsp;&nbsp;&nbsp; 啊啊啊啊啊啊啊啊啊啊啊啊啊啊啊啊</p><p>啊&nbsp;&nbsp;&nbsp;&nbsp;&nbsp;&nbsp;&nbsp;&nbsp;&nbsp;&nbsp;&nbsp;&nbsp;&nbsp;&nbsp;&nbsp;&nbsp;&nbsp;&nbsp;&nbsp;&nbsp;&nbsp;&nbsp;&nbsp;&nbsp;&nbsp; 啊啊啊啊啊啊啊啊啊啊啊啊啊啊啊啊啊啊啊</p><p>啊&nbsp; 啊啊安装啊擦杀手锏几十封水电费哈数据库电话费阿迪少喝咖啡哈苏丹红将SD卡后方可发生东方航空阿飞啊剑神发哈卡斯加和东方加水电费哈斯卡东方红卡萨京东方看见司法局分开奖号覅王全覆盖撒地方将和的发射到发神经货到付款级啊双飞刀暗红色的罚款京哈卡加少废话卡加水电费卡拉斯电话费卡加水电费就啊哈撒地方库哈斯电话费卡萨丁后发生剪短发了卡萨京东方缴费【if圣诞节罚款加阿斯顿发货阿斯顿减肥撒旦了咖啡机收到啊剑神咖啡哈桑就款到发货爱上积分卡水井坊路口减肥拉斯克奖分拉斯克奖法拉克水煎服啊拉斯克奖地方阿拉山口缴费乐俊凯减肥拉斯克奖发了卡萨京东方看京东方<br/></p>',1402652149678,1402652149678),('69ccf926-2b95-487c-8aa4-9c65bd094a75','b8080f1b-bb1e-4929-853c-b1cd1e2ff7a5','39295a3d-cc9b-42b4-b206-a2e7fab7e77c','1',NULL,'18','',1402637113712,1402637113712),('6c83119d-96c6-4d81-9e6d-75419eb9e923','6d763ac9-dca3-42d7-a2a7-a08053095c08','39295a3d-cc9b-42b4-b206-a2e7fab7e77c','1',NULL,'5','',1402919759191,1402919759191),('6cba1d11-6690-429d-8afa-9f6e8ab522c4','1d46f5db-f569-4c05-bdba-75106108fcba','39295a3d-cc9b-42b4-b206-a2e7fab7e77c','1',NULL,'我勒个去','我勒个去~~~~~',1403080052790,1403080052790),('6cc250ae-f167-4a6d-92a7-c00d7d1e96f8','1db556b9-d1dc-4ed9-8274-45cf0afbe859','48595f52-b22c-4485-9244-f4004255b972','2',NULL,'2——1','',1402916075113,1402916075113),('6d6f5a2a-a09c-4410-be41-10906c5a59e6','b8080f1b-bb1e-4929-853c-b1cd1e2ff7a5','39295a3d-cc9b-42b4-b206-a2e7fab7e77c','1',NULL,'4','',1402637078701,1402637078701),('701afa31-2d93-4c41-ba12-2751b8002e2a','6d763ac9-dca3-42d7-a2a7-a08053095c08','39295a3d-cc9b-42b4-b206-a2e7fab7e77c','1',NULL,'13','',1402917574576,1402917574576),('710024f3-f056-445b-81d3-3404bab0b2bf','6d763ac9-dca3-42d7-a2a7-a08053095c08','39295a3d-cc9b-42b4-b206-a2e7fab7e77c','1',NULL,'周佳1111','',1403079932559,1403079932559),('71543875-249a-48a3-8e85-e23f543fcf60','b8080f1b-bb1e-4929-853c-b1cd1e2ff7a5','39295a3d-cc9b-42b4-b206-a2e7fab7e77c','1',NULL,'28','',1402637139582,1402637139582),('7283ce82b3a7435199d63c71756f2c2b','ac41f2c196484f7bb5cf9d5617aadeb2','99a001f73dec41c5b70fb5d9584cefbf','1','1','ECE 657A','<p>Nothing here</p>',1586483110071,1586483119248),('737a9a27-b02f-4cc2-b447-eba0f047cd0d','0b11444a-a6d6-45ff-8d46-282afaa6a655','39295a3d-cc9b-42b4-b206-a2e7fab7e77c','1',NULL,'aaaa','<p>顶顶顶顶顶顶顶顶顶顶顶顶顶顶<br/></p>',0,1402904603602),('73c8d32e-0ed4-424a-af46-22f00dbf707f','1db556b9-d1dc-4ed9-8274-45cf0afbe859','48595f52-b22c-4485-9244-f4004255b972','2',NULL,'测试收藏活动笔记——5','<p>测试收藏活动笔记——1测试收藏活动笔记——1测试收藏活动笔记——1测试收藏活动笔记——1测试收藏活动笔记——1测试收藏活动笔记——1测试收藏活动笔记——1测试收藏活动笔记——1测试收藏活动笔记——1测试收藏活动笔记——1测试收藏活动笔记——1测试收藏活动笔记——1</p>',1403768791522,1586231797600),('754f9d52-3c25-40e1-ae5a-6110d799e608','6d763ac9-dca3-42d7-a2a7-a08053095c08','39295a3d-cc9b-42b4-b206-a2e7fab7e77c','1',NULL,'note2','<p>阿斯顿发送到撒旦法撒旦法斯蒂芬</p><p>阿萨德fas东方as东方</p><p>asdf s撒地方as东方</p><p>asdfas的</p><p>asdf asdf asd飞</p><p>撒地方sad飞as东方asdf撒旦</p><p>sa东方</p><p>阿斯蒂芬asd飞洒地方<br/></p>',0,1402902449594),('76d82ad4d8c44fde8b991bd0306c2b58','ac41f2c196484f7bb5cf9d5617aadeb2','99a001f73dec41c5b70fb5d9584cefbf','1','1','ECE 650 Class Note1','<p>Fundamental to Software Engineering</p><p><br/></p><p>You can change <strong>fonts </strong>or <span style=\"font-size:24px\">size</span>.</p>',1586483052972,1586485018208),('77f61ff8-e7a1-43ac-9740-5d60b8b15b76','d0e7ce0d-4893-4705-a51a-9a73d259bc70','39295a3d-cc9b-42b4-b206-a2e7fab7e77c','1',NULL,'新建笔记','',1402903957110,1402903957110),('7843eb74549646bdb55b8d56ea266207','5fe10a1bb8cb4c238023fdf49d24090c','48595f52-b22c-4485-9244-f4004255b972','1','1','测试笔记',NULL,1586311293977,1586311293977),('7851d547-d8a3-40cc-9948-c701cd905d41','20b4cbec-bd55-4c21-9c41-3a11ada2b803','39295a3d-cc9b-42b4-b206-a2e7fab7e77c','1',NULL,'note2','<p>阿斯顿发送到撒旦法撒旦法斯蒂芬</p><p>阿萨德fas东方as东方</p><p>asdf s撒地方as东方</p><p>asdfas的</p><p>asdf asdf asd飞</p><p>撒地方sad飞as东方asdf撒旦</p><p>sa东方</p><p>阿斯蒂芬asd飞洒地方<br/></p>',1402902467362,1402902467362),('7af221ba-0d62-4c62-b063-9c2ba5e4f300','d0b0727f-a233-4a1f-8600-f49fc1f25bc9','48595f52-b22c-4485-9244-f4004255b972','1',NULL,'22','',1402888599823,1402888599823),('7b04aebd-15d2-41b3-948c-a28a4a041bec','20b4cbec-bd55-4c21-9c41-3a11ada2b803','39295a3d-cc9b-42b4-b206-a2e7fab7e77c','1',NULL,'测试收藏活动笔记——1','<p>测试收藏活动笔记——1测试收藏活动笔记——1测试收藏活动笔记——1测试收藏活动笔记——1测试收藏活动笔记——1测试收藏活动笔记——1测试收藏活动笔记——1测试收藏活动笔记——1测试收藏活动笔记——1测试收藏活动笔记——1测试收藏活动笔记——1测试收藏活动笔记——1</p>',1402998175621,1402998175621),('7b0d4a9e0757482f9b128edb9be576cb','创建新笔记本成功','48595f52-b22c-4485-9244-f4004255b972','1','1','test1','<p>希望早点有工作</p>',1586306942057,1586306954804),('7c44e29b-0622-43dd-9f50-7103b1461bfe','- è¯·éæ© -','39295a3d-cc9b-42b4-b206-a2e7fab7e77c','1',NULL,'周佳22222','',1402910570395,1402910570395),('7c547246-4fdb-4d29-93b6-8507ce04c81b','b8080f1b-bb1e-4929-853c-b1cd1e2ff7a5','39295a3d-cc9b-42b4-b206-a2e7fab7e77c','1',NULL,'30','',1402637147126,1402637147126),('7cc685b4-1b0b-4900-8511-f948aa2c2e28','c7f7fcdb-37c0-4d04-8dea-99123c672d4a','524f7440-7283-4b2d-8af5-4a67570e892e','1',NULL,'测试参加活动——11111111111','',1402644594446,1402644594446),('7d4c538f-e4b5-4ac0-8a38-b1aa21c40cda','d0b0727f-a233-4a1f-8600-f49fc1f25bc9','48595f52-b22c-4485-9244-f4004255b972','1',NULL,'笔记2——1','<p>笔记2——1笔记2——1笔记2——1笔记2——1笔记2——1笔记2——1笔记2——1</p><p>笔记2——1笔记2——1笔记2——1笔记2——1笔记2——1笔记2——1笔记2——1笔记2——1笔记2——1笔记2——1笔记2——1笔记2——1笔记2——1</p>',1402914980377,1402914980377),('7e4affa2-8cd5-4ba0-abda-751605999507','b8080f1b-bb1e-4929-853c-b1cd1e2ff7a5','39295a3d-cc9b-42b4-b206-a2e7fab7e77c','1',NULL,'17','',1402637110977,1402637110977),('7e87de1e-0963-4fe0-b996-d0b13481786e','20b4cbec-bd55-4c21-9c41-3a11ada2b803','39295a3d-cc9b-42b4-b206-a2e7fab7e77c','1',NULL,'周佳1111','<p>啊水井坊绿卡圣诞节法拉盛简单了咖啡机卡拉斯的了发生发了束带结发阿斯蒂芬</p><p>SD卡反击asflsakd拉斯加发斯蒂芬</p><p>asfsda飞阿斯蒂芬</p><p>阿斯蒂芬</p><p>阿斯蒂芬阿斯蒂芬阿斯蒂芬阿斯蒂芬阿斯蒂芬as的阿斯蒂芬<br/></p>',1412414792562,1412414792562),('7f437cec-c0e6-4799-b6d9-eb70c2e3e75d','20b4cbec-bd55-4c21-9c41-3a11ada2b803','39295a3d-cc9b-42b4-b206-a2e7fab7e77c','1',NULL,'测试参加活动——乱七八糟','',1402998762179,1402998762179),('7f46f26d-c999-487f-ba57-09300ea9c961','b8080f1b-bb1e-4929-853c-b1cd1e2ff7a5','39295a3d-cc9b-42b4-b206-a2e7fab7e77c','1',NULL,'14','<p>的发送到发送到阿萨德阿斯蒂芬啊飒飒的发阿萨德阿萨德阿斯顿发送到发斯蒂芬撒地方阿斯顿发斯蒂芬萨芬撒旦阿斯蒂芬阿萨德阿斯蒂芬阿斯顿发斯蒂芬阿斯蒂芬阿萨德阿斯蒂芬阿斯蒂芬阿斯蒂芬阿斯蒂芬按时打算大发送到撒地方</p><p>阿斯蒂芬爱上阿凡达是法萨芬的爱上法定打发斯蒂芬阿斯顿发生打撒地方艾丝凡爱上法定爱上法定</p><p>阿斯蒂芬爱上发生大发是</p><p>阿斯蒂芬撒飞洒地方额问题千万燃气费而非为废弃物服务费达芬奇无法东方违法我擦</p><p>清楚胃肠道为才<br/></p>',0,1402914371716),('8065bef2-da23-4b06-8f8a-620f97b3f3b1','6d763ac9-dca3-42d7-a2a7-a08053095c08','39295a3d-cc9b-42b4-b206-a2e7fab7e77c','1',NULL,'1——4','<p>测试</p><p>1——4</p><p>1——4</p><p>1——4</p><p>1——4</p><p>1——4</p><p>1——4<br/></p>',1402919340583,1402919340583),('807c1a8cb5a74704897bbb2c839ad129','81d1a99268cb4f18bce8e8d413e0f233','99a001f73dec41c5b70fb5d9584cefbf','1','1','New note 1','<p>I really like <strong>coding</strong>!</p>',1586484469003,1586484491930),('80931c9a-6e5c-43f5-ac0b-a14fe41c665b','20b4cbec-bd55-4c21-9c41-3a11ada2b803','39295a3d-cc9b-42b4-b206-a2e7fab7e77c','1',NULL,'aaaa','<p>顶顶顶顶顶顶顶顶顶顶顶顶顶顶<br/></p>',1402969758850,1402969758850),('80e0f021-c826-4529-b2f2-a550f6d56ed7','cce17f11-6b90-4a17-87a2-74df0f5d4991','ea09d9b1-ede7-4bd8-b43d-a546680df00b','1',NULL,'笔记2——1','<p>笔记2——1笔记2——1笔记2——1笔记2——1笔记2——1笔记2——1笔记2——1</p><p>笔记2——1笔记2——1笔记2——1笔记2——1笔记2——1笔记2——1笔记2——1笔记2——1笔记2——1笔记2——1笔记2——1笔记2——1笔记2——1</p>',0,1402539244971),('84b2d98b-af39-4655-8aa8-d8869d043cca','d0e7ce0d-4893-4705-a51a-9a73d259bc70','39295a3d-cc9b-42b4-b206-a2e7fab7e77c','1',NULL,'阿斯顿发生大幅','<p>阿斯蒂芬收到<br/></p>',0,1402650617919),('8530622b-f739-4048-a23f-d226228756b3','- è¯·éæ© -','48595f52-b22c-4485-9244-f4004255b972','1',NULL,'2——1','',1402888412155,1402888412155),('864fe9cb-7d46-4481-a8a0-93e6ec5a0ca7','b8080f1b-bb1e-4929-853c-b1cd1e2ff7a5','39295a3d-cc9b-42b4-b206-a2e7fab7e77c','1',NULL,'34','',1402637156168,1402637156168),('880a2e55-e641-4987-bb8f-2a060aaa882f','009380f9-f663-4cdf-817e-5ef0257dc220','39295a3d-cc9b-42b4-b206-a2e7fab7e77c','1',NULL,'笔记2','',1402538152753,1402538152753),('88523a80-caba-4e7a-bc50-3f25c08e2f63','- è¯·éæ© -','39295a3d-cc9b-42b4-b206-a2e7fab7e77c','1',NULL,'周佳33333','',1402910938108,1402910938108),('88769b2903944cad9caee53ec0bbc72b','1db556b9-d1dc-4ed9-8274-45cf0afbe859','48595f52-b22c-4485-9244-f4004255b972','1','1','测试笔记本','<p>空空如也</p>',1586306053253,1586306157051),('89732d3a-a85a-4a9c-8618-2b3a9b3c2d65','1db556b9-d1dc-4ed9-8274-45cf0afbe859','48595f52-b22c-4485-9244-f4004255b972','1',NULL,'测试笔记——1','',1402997678862,1402997678862),('8a46784c-4b82-4e69-aa30-716603971851','009380f9-f663-4cdf-817e-5ef0257dc220','39295a3d-cc9b-42b4-b206-a2e7fab7e77c','1',NULL,'笔记_1_1','',1402538620072,1402538620072),('8b9b0b03-af5f-407a-b075-a9e433f0c892','1db556b9-d1dc-4ed9-8274-45cf0afbe859','48595f52-b22c-4485-9244-f4004255b972','1',NULL,'测试收藏活动笔记——3','<p>测试收藏活动笔记——1测试收藏活动笔记——1测试收藏活动笔记——1测试收藏活动笔记——1测试收藏活动笔记——1测试收藏活动笔记——1测试收藏活动笔记——1测试收藏活动笔记——1测试收藏活动笔记——1测试收藏活动笔记——1测试收藏活动笔记——1测试收藏活动笔记——1</p>',1402997858937,1586374182958),('8bcc054f-2d4f-42a5-9729-dd481a42cd15','6d763ac9-dca3-42d7-a2a7-a08053095c08','39295a3d-cc9b-42b4-b206-a2e7fab7e77c','1',NULL,'测试111','',1402557880818,1402557880818),('8d18aaf6-9238-46dc-9c03-988d733790cf','b8080f1b-bb1e-4929-853c-b1cd1e2ff7a5','39295a3d-cc9b-42b4-b206-a2e7fab7e77c','1',NULL,'22','',1402637124473,1402637124473),('8d3763b2-8e01-48d4-a338-730b02ded9c9',NULL,'39295a3d-cc9b-42b4-b206-a2e7fab7e77c','1',NULL,'junit11111','12313123123123',0,1403682636301),('8dc47fac-c119-4b8d-9982-575232029a2c','1d46f5db-f569-4c05-bdba-75106108fcba','39295a3d-cc9b-42b4-b206-a2e7fab7e77c','1',NULL,'笔记2——1','<p>笔记2——1笔记2——1笔记2——1笔记2——1笔记2——1笔记2——1笔记2——1</p><p>笔记2——1笔记2——1笔记2——1笔记2——1笔记2——1笔记2——1笔记2——1笔记2——1笔记2——1笔记2——1笔记2——1笔记2——1笔记2——1</p>',1412414657203,1412414657203),('8e188d43-a7eb-4b85-b46f-dd0917f4a1e1','6d763ac9-dca3-42d7-a2a7-a08053095c08','39295a3d-cc9b-42b4-b206-a2e7fab7e77c','1',NULL,'撒打发斯蒂芬','<p>哈哈哈哈哈哈哈哈哈哈哈哈哈哈哈哈哈哈哈哈哈哈哈哈哈哈哈哈哈哈哈哈哈哈哈哈哈哈哈哈哈哈哈哈哈哈哈哈哈哈哈哈哈哈哈哈哈哈哈哈哈哈哈哈哈哈哈哈哈哈哈<br/></p>',0,1402562186785),('9187ffd3-4c1e-4768-9f2f-c600e835b823','fa8d3d9d-2de5-4cfe-845f-951041bcc461','524f7440-7283-4b2d-8af5-4a67570e892e','1',NULL,'测试笔记——2','',1402623081964,1402623081964),('91b6444c-2942-4e1b-9ae7-d74f3df0fc9d','6d763ac9-dca3-42d7-a2a7-a08053095c08','39295a3d-cc9b-42b4-b206-a2e7fab7e77c','1',NULL,'16','',1402919607307,1402919607307),('91b7542e-3b63-4c9b-b212-70664e4a59bc','0037215c-09fe-4eaa-aeb5-25a340c6b39b','52f9b276-38ee-447f-a3aa-0d54e7a736e4','1',NULL,'wsf2','<p>wsf2<br/></p>',0,1403071682162),('91d43e56-c619-45fc-ad36-4d621c75f001','6d763ac9-dca3-42d7-a2a7-a08053095c08','39295a3d-cc9b-42b4-b206-a2e7fab7e77c','1',NULL,'15','',1402922280625,1402922280625),('92ae3432-b93e-4909-bd83-5a7b8322e47d','20b4cbec-bd55-4c21-9c41-3a11ada2b803','39295a3d-cc9b-42b4-b206-a2e7fab7e77c','1',NULL,'dddd','',1402650894503,1402650894503),('9598cb72-4215-4b58-b7c6-b51ed0b7b3b4','1db556b9-d1dc-4ed9-8274-45cf0afbe859','48595f52-b22c-4485-9244-f4004255b972','1',NULL,'测试收藏活动笔记——1','<p>测试收藏活动笔记——1测试收藏活动笔记——1测试收藏活动笔记——1测试收藏活动笔记——1测试收藏活动笔记——1测试收藏活动笔记——1测试收藏活动笔记——1测试收藏活动笔记——1测试收藏活动笔记——1测试收藏活动笔记——1测试收藏活动笔记——1测试收藏活动笔记——1</p>',1402998120232,1402998120232),('9860f9f4-3922-47db-a350-f8948fb852e8','b8080f1b-bb1e-4929-853c-b1cd1e2ff7a5','39295a3d-cc9b-42b4-b206-a2e7fab7e77c','1',NULL,'15','',1402637105242,1402637105242),('9864d2e5-b76a-47d2-95fd-a6d0964d4f1c','6d763ac9-dca3-42d7-a2a7-a08053095c08','39295a3d-cc9b-42b4-b206-a2e7fab7e77c','1',NULL,'13','',1402915671255,1402915671255),('9c612c62-7743-426d-850e-23a5eaa3454f','1db556b9-d1dc-4ed9-8274-45cf0afbe859','48595f52-b22c-4485-9244-f4004255b972','2',NULL,'1——1','<p>1——11——11——11——11——11——11——11——11——11——11——11——11——1</p>',1402890428065,1402890428065),('9ccb694d-3237-4d4f-afb1-b84f630f182c','20b4cbec-bd55-4c21-9c41-3a11ada2b803','39295a3d-cc9b-42b4-b206-a2e7fab7e77c','1',NULL,'dddd','',1402653406248,1402653406248),('9dd2e1c8-f118-4c9b-abd4-365e1d55cef8','6d763ac9-dca3-42d7-a2a7-a08053095c08','39295a3d-cc9b-42b4-b206-a2e7fab7e77c','1',NULL,'13','',1402916639721,1402916639721),('9ddf48af-a764-4d49-b9b3-f676651f15e1','8be77c36-3cd5-4727-a8a9-071316a2eb11','39295a3d-cc9b-42b4-b206-a2e7fab7e77c','1',NULL,'sdfasdfsd','',1402650030117,1402650030117),('9e8d711a-6dcf-4507-95ed-e70783ae3838','d0b0727f-a233-4a1f-8600-f49fc1f25bc9','48595f52-b22c-4485-9244-f4004255b972','1',NULL,'13','',1402890405653,1402890405653),('a090cf57-c0bf-4eaa-b568-0ac45a94b4e6','6d763ac9-dca3-42d7-a2a7-a08053095c08','39295a3d-cc9b-42b4-b206-a2e7fab7e77c','1',NULL,'1——4','<p>测试</p><p>1——4</p><p>1——4</p><p>1——4</p><p>1——4</p><p>1——4</p><p>1——4<br/></p>',1402919606768,1402919606768),('a0eda0b9-7cab-4fd3-b707-33faf074001f','b8080f1b-bb1e-4929-853c-b1cd1e2ff7a5','39295a3d-cc9b-42b4-b206-a2e7fab7e77c','1',NULL,'16','',1402637108428,1402637108428),('a1211435-9bdc-41a1-89a8-d69e5e60873d','6d763ac9-dca3-42d7-a2a7-a08053095c08','39295a3d-cc9b-42b4-b206-a2e7fab7e77c','1',NULL,'8','',1402637087339,1402637087339),('a200ec50-4111-4785-97b3-539115b61ed5',NULL,'52f9b276-38ee-447f-a3aa-0d54e7a736e4','1',NULL,'aaa','',1403071618587,1403071618587),('a554f158-ac7a-44cc-8b9a-6de8dddd8fa3','c8d81ee5-f8cd-49e8-b2e6-ab174a926d95','48595f52-b22c-4485-9244-f4004255b972','1',NULL,'测试————22222222','<p>eeeeeeeeeeeeeeeeeeeeeeeeeee<br/></p>',0,1403228140492),('a78eff65-3550-4a6c-ad88-d10037be2c85','6d763ac9-dca3-42d7-a2a7-a08053095c08','39295a3d-cc9b-42b4-b206-a2e7fab7e77c','1',NULL,'13','',1402918512292,1402918512292),('a84a221b-280e-471b-bbfb-baaa69e1ed06','8844559e-9d93-459b-a9db-2afcb8a592c8','39295a3d-cc9b-42b4-b206-a2e7fab7e77c','1',NULL,'lpsd','',1405676380515,1405676380515),('a8796896-7b1d-484f-9c3a-2b2616c4dfc3','b8080f1b-bb1e-4929-853c-b1cd1e2ff7a5','39295a3d-cc9b-42b4-b206-a2e7fab7e77c','1',NULL,'12','',1402637097784,1402637097784),('a87a961a-e38b-4ef1-a23f-c8ca77115326','6d763ac9-dca3-42d7-a2a7-a08053095c08','39295a3d-cc9b-42b4-b206-a2e7fab7e77c','1',NULL,'13','',1402916230054,1402916230054),('a9c3f332-9e0b-44f2-9390-e4897806be04','b8080f1b-bb1e-4929-853c-b1cd1e2ff7a5','39295a3d-cc9b-42b4-b206-a2e7fab7e77c','1',NULL,'29','',1402637142258,1402637142258),('ad6b681e-78ce-4a98-8024-9bf651fac900','4b86d1f9-6345-4532-bc50-ee86442f004b','39295a3d-cc9b-42b4-b206-a2e7fab7e77c','1',NULL,'默认2','',1402538588389,1402538588389),('ae254666-ae5e-4508-9ae0-d54c0e840c6b','009380f9-f663-4cdf-817e-5ef0257dc220','39295a3d-cc9b-42b4-b206-a2e7fab7e77c','1',NULL,'默认5','',1402538643778,1402538643778),('b0915c66-c879-40a3-8bc0-6265c77777ed','516f6f4f-eaa3-4c76-84ff-530b92c7f64d',NULL,'1',NULL,'title1...','???????',1403257746156,1403257746156),('b10ae74b-9a5b-4238-bf5f-85df81846e0b','6d763ac9-dca3-42d7-a2a7-a08053095c08','39295a3d-cc9b-42b4-b206-a2e7fab7e77c','1',NULL,'1——1','<p>1——11——11——11——11——11——11——11——11——11——11——11——11——1</p>',1402914481089,1402914481089),('b11608c5-1f77-4e10-a557-c08fd4becbc5','1db556b9-d1dc-4ed9-8274-45cf0afbe859','48595f52-b22c-4485-9244-f4004255b972','1',NULL,'1——6','<p>1——5</p><p>1——5</p><p>1——5</p><p>我爱滑铁卢大学</p>',1402916095219,1402916095219),('b160185b-84d3-4406-8692-df1b36310633','516f6f4f-eaa3-4c76-84ff-530b92c7f64d',NULL,'1',NULL,'title1...','笔记笔记。。。',1403253376516,1403253376516),('b1d80e39-2d05-4fb2-a30b-45e483d1f82d','6d763ac9-dca3-42d7-a2a7-a08053095c08','39295a3d-cc9b-42b4-b206-a2e7fab7e77c','1',NULL,'13','',1402918070759,1402918070759),('b285c104dd724e69b5cd9b34d98dbe9a','2a4ca5bb-3073-4194-9d4e-5db0ec5c0998','48595f52-b22c-4485-9244-f4004255b972','1','1','测试',NULL,1586306726408,1586306726408),('b4f82f9f-bc0f-480a-b8f2-335164d69945','0cd94778-4d52-486d-a35d-263b3cfe6de9','39295a3d-cc9b-42b4-b206-a2e7fab7e77c','1',NULL,'dddd','<p>阿斯顿发送到阿斯顿发撒旦法撒地方撒地方撒旦发斯蒂芬阿斯顿发撒旦法阿斯蒂芬飞东方撒地方撒地方阿斯顿发撒旦法撒地方阿斯顿发送到</p><p>sadfsadfasdfasd</p><p>的发生撒旦sa东方as东方as东方</p><p>撒地方</p><p>s撒地方</p><p>士大夫</p><p>阿斯蒂芬asd飞asdf</p><p>撒旦f爱上d撒</p><p>撒地方</p><p>撒地方</p><p>阿斯蒂芬</p><p>阿斯蒂芬</p><p>撒地方</p><p>爱上d撒地方</p><p>阿斯蒂芬</p><p>阿萨德f阿萨德f爱上阿斯蒂芬</p><p>撒旦</p><p>爱上</p><p>阿萨德f阿萨德</p><p>阿斯蒂芬</p><p><br/></p>',0,1402914312812),('b5fc7da0-b5e8-4792-8f1f-9fd4b347a64f','0b11444a-a6d6-45ff-8d46-282afaa6a655','39295a3d-cc9b-42b4-b206-a2e7fab7e77c','1',NULL,'笔记1——132','<p>阿斯顿辅导费的阿萨德东方</p><p>爱的色放飞速达阿萨德</p><p>阿萨德撒地方 撒旦法撒旦按时发达发放倒萨士大夫</p><p>阿萨德法撒旦阿斯蒂芬123123<br/></p>',0,1402623661596),('b692b907-6791-403f-97cc-748d54273960','6d763ac9-dca3-42d7-a2a7-a08053095c08','39295a3d-cc9b-42b4-b206-a2e7fab7e77c','1',NULL,'13','',1402916811690,1402916811690),('b6f39eed-7d6f-42a5-af4f-53b3a1d12451','516f6f4f-eaa3-4c76-84ff-530b92c7f64d','39295a3d-cc9b-42b4-b206-a2e7fab7e77c','1',NULL,'周佳1111','<p>啊水井坊绿卡圣诞节法拉盛简单了咖啡机卡拉斯的了发生发了束带结发阿斯蒂芬</p><p>SD卡反击asflsakd拉斯加发斯蒂芬</p><p>asfsda飞阿斯蒂芬</p><p>阿斯蒂芬</p><p>阿斯蒂芬阿斯蒂芬阿斯蒂芬阿斯蒂芬阿斯蒂芬as的阿斯蒂芬<br/></p>',0,1402910546587),('b936f721-37a6-467e-be73-e1976cfdd381','0b11444a-a6d6-45ff-8d46-282afaa6a655','39295a3d-cc9b-42b4-b206-a2e7fab7e77c','1',NULL,'1——1','<p>1——11——11——11——11——11——11——11——11——11——11——11——11——1</p>',1402914490636,1402914490636),('ba7e3681-2a11-4f8d-ba30-6a97369e92ab','d0b0727f-a233-4a1f-8600-f49fc1f25bc9','48595f52-b22c-4485-9244-f4004255b972','1',NULL,'笔记2——1','<p>笔记2——1笔记2——1笔记2——1笔记2——1笔记2——1笔记2——1笔记2——1</p><p>笔记2——1笔记2——1笔记2——1笔记2——1笔记2——1笔记2——1笔记2——1笔记2——1笔记2——1笔记2——1笔记2——1笔记2——1笔记2——1</p>',1403229527083,1403229527083),('bb09798b-8f24-46ec-9c92-1534c2e1a9f5','d0b0727f-a233-4a1f-8600-f49fc1f25bc9','48595f52-b22c-4485-9244-f4004255b972','1',NULL,'14','',1402890408352,1402890408352),('bd502150-c687-4808-9438-a3159f54a380','64639e62-9241-4efb-874b-01e97257cb6e','333c6d0b-e4a2-4596-9902-a5d98c2f665a','1',NULL,'t1','',1402883273532,1402883273532),('bd66c7f4-5a99-4787-a13b-297add41f2ed','516f6f4f-eaa3-4c76-84ff-530b92c7f64d',NULL,'1',NULL,'title1...','笔记笔记。。。',1403253344556,1403253344556),('beb79886-8697-44a4-b736-786aee1dc4ae','6dc39e41-8c9e-4791-9c13-52a8e537fe64','524f7440-7283-4b2d-8af5-4a67570e892e','1',NULL,'sssss','',0,1402654823022),('c05111d5-7ff1-40ce-847e-f7c70afc16eb','6d763ac9-dca3-42d7-a2a7-a08053095c08','39295a3d-cc9b-42b4-b206-a2e7fab7e77c','1',NULL,'1——5','<p>1——5</p><p>1——5</p><p>1——5</p><p>1——5</p><p>1——5</p><p>1——5</p><p><br/></p>',1402922332695,1402922332695),('c141800f-a8f5-4350-a7d3-f67bb93dc67a','b8080f1b-bb1e-4929-853c-b1cd1e2ff7a5','39295a3d-cc9b-42b4-b206-a2e7fab7e77c','1',NULL,'27','',1402637136906,1402637136906),('c347f832-e2b2-4cb7-af6f-6710241bcdf6','d0e7ce0d-4893-4705-a51a-9a73d259bc70','39295a3d-cc9b-42b4-b206-a2e7fab7e77c','1',NULL,'啊啊啊啊','<p>灌灌灌灌灌灌灌灌灌灌灌灌灌灌灌灌灌灌灌灌嘎嘎灌灌灌灌灌灌灌灌灌灌嘎嘎嘎嘎灌灌灌灌灌灌灌灌灌灌嘎嘎灌灌灌灌灌灌灌灌灌灌灌灌灌灌嘎嘎灌灌灌</p><p>灌灌灌灌灌灌灌过嘎嘎嘎嘎灌灌灌灌灌灌灌灌灌灌嘎嘎灌灌灌灌灌灌灌灌灌灌嘎嘎嘎嘎嘎嘎个灌灌灌灌嘎嘎灌灌灌灌灌灌灌灌灌灌灌灌灌灌灌灌灌灌灌灌灌灌灌灌灌灌灌灌灌灌灌灌灌灌嘎嘎灌灌灌灌灌灌灌灌灌灌嘎嘎灌灌灌灌灌灌灌灌灌灌</p><p>阿萨德飞洒地方撒的发生大撒地方盛大撒旦阿斯蒂芬撒的发生大阿斯蒂芬阿萨德阿斯蒂芬阿萨德阿斯蒂芬阿斯蒂芬撒地方阿斯蒂芬阿斯蒂芬阿斯蒂芬阿斯蒂芬<br/></p>',0,1402562104482),('c4b5baec-3d36-4cb2-8a6d-33dd4f0082c8','b800156e-42b6-4ca6-b1d4-16901635e431','39295a3d-cc9b-42b4-b206-a2e7fab7e77c','1',NULL,'test','',1412415824640,1412415824640),('c7862663-b155-4556-bdd7-1b8ef8decf55','4b86d1f9-6345-4532-bc50-ee86442f004b','39295a3d-cc9b-42b4-b206-a2e7fab7e77c','1',NULL,'笔记3','',1402538191489,1402538191489),('c9250b3e-ed22-432c-960a-175dbc2134d1','1db556b9-d1dc-4ed9-8274-45cf0afbe859','48595f52-b22c-4485-9244-f4004255b972','1',NULL,'测试收藏活动笔记——2','<p>测试收藏活动笔记——1测试收藏活动笔记——1测试收藏活动笔记——1测试收藏活动笔记——1测试收藏活动笔记——1测试收藏活动笔记——1测试收藏活动笔记——1测试收藏活动笔记——1测试收藏活动笔记——1测试收藏活动笔记——1测试收藏活动笔记——1测试收藏活动笔记——1</p>',1403234357167,1586222979541),('cf892e06-bf51-40e6-b5a8-7f60f1582554','1d46f5db-f569-4c05-bdba-75106108fcba','39295a3d-cc9b-42b4-b206-a2e7fab7e77c','1',NULL,'13','',1402918097228,1402918097228),('d007c3d1-226d-434c-8d45-740c5852a78b','a1669286-b171-4a06-b2fc-2dfe5afdb0ec','39295a3d-cc9b-42b4-b206-a2e7fab7e77c','1',NULL,'123','',1405730728825,1405730728825),('d3a95052-d772-43ee-8fec-910a5dc336f5','6d763ac9-dca3-42d7-a2a7-a08053095c08','39295a3d-cc9b-42b4-b206-a2e7fab7e77c','1',NULL,'13','',1402918283780,1402918283780),('d3ded3ca-4e79-48fd-a501-ea4df79936c1','516f6f4f-eaa3-4c76-84ff-530b92c7f64d','39295a3d-cc9b-42b4-b206-a2e7fab7e77c','1',NULL,'安装笔记','<p>首先配置环境~<br/></p>',0,1403070709726),('d45c0f17-5a6e-4d6c-ba31-701017ca0753','b8080f1b-bb1e-4929-853c-b1cd1e2ff7a5','39295a3d-cc9b-42b4-b206-a2e7fab7e77c','1',NULL,'23','',1402637127385,1402637127385),('d5019055-30e8-4cdc-bfac-97c6bad9518f','3e1e84eb-924c-4418-a04d-b0e4347cf583','39295a3d-cc9b-42b4-b206-a2e7fab7e77c','1',NULL,'叮叮叮','',1402539293420,1402539293420),('d68f570d-51aa-4585-acdc-ea2c0e063a03','6d763ac9-dca3-42d7-a2a7-a08053095c08','39295a3d-cc9b-42b4-b206-a2e7fab7e77c','1',NULL,'25','',1402919345503,1402919345503),('d85982ab-dd32-4c0d-94d2-649da47691d7','20b4cbec-bd55-4c21-9c41-3a11ada2b803','39295a3d-cc9b-42b4-b206-a2e7fab7e77c','1',NULL,'周佳note','',1402902402726,1402902402726),('d9fccea0-4abd-47de-a3e7-9b9a047bb7ca','b8080f1b-bb1e-4929-853c-b1cd1e2ff7a5','39295a3d-cc9b-42b4-b206-a2e7fab7e77c','1',NULL,'10','',1402637093133,1402637093133),('db29d725-34b4-480d-8d26-8438b81d4c0d','b8080f1b-bb1e-4929-853c-b1cd1e2ff7a5','39295a3d-cc9b-42b4-b206-a2e7fab7e77c','1',NULL,'33','',1402637153778,1402637153778),('db88b965-4216-45fe-8e6a-c0381fdb6850','20b4cbec-bd55-4c21-9c41-3a11ada2b803','39295a3d-cc9b-42b4-b206-a2e7fab7e77c','1',NULL,'测试参加活动——11111111111','',1402997948720,1402997948720),('df26d19a-a6fa-42d5-9e20-506d1c9b52e4','6d763ac9-dca3-42d7-a2a7-a08053095c08','39295a3d-cc9b-42b4-b206-a2e7fab7e77c','1',NULL,'撒旦法撒旦','',1402911131665,1402911131665),('e0abeeb6-1290-4204-b453-c18c1210a921','a1669286-b171-4a06-b2fc-2dfe5afdb0ec','39295a3d-cc9b-42b4-b206-a2e7fab7e77c','1',NULL,'东方飞','',1403079731435,1403079731435),('e1684e191509443d8c670208565dfc3e','ac41f2c196484f7bb5cf9d5617aadeb2','99a001f73dec41c5b70fb5d9584cefbf','2','1','ECE 606 Class Note1','<p>First Class:</p><p><br/></p><p><strong>Introduction to Algorithms</strong></p><p><strong><br/></strong></p><p><strong><br/></strong></p>',1586482981090,1586483009605),('e18e390d-be42-46bb-8028-bbf684ac101b','516f6f4f-eaa3-4c76-84ff-530b92c7f64d',NULL,'1',NULL,'title1...','笔记笔记。。。',1403258346113,1403258346113),('e3164ed5-025c-4e3d-bf97-635c18aec845','6d763ac9-dca3-42d7-a2a7-a08053095c08','39295a3d-cc9b-42b4-b206-a2e7fab7e77c','1',NULL,'13','',1402916036586,1402916036586),('e361d00f-e9e2-457a-bd1a-8b7d60e96c74','b8080f1b-bb1e-4929-853c-b1cd1e2ff7a5','39295a3d-cc9b-42b4-b206-a2e7fab7e77c','1',NULL,'6','',1402637082707,1402637082707),('e410fc11-0fe3-44b4-9972-347279a46cc2','b8080f1b-bb1e-4929-853c-b1cd1e2ff7a5','39295a3d-cc9b-42b4-b206-a2e7fab7e77c','1',NULL,'3','',1402637076638,1402637076638),('e42e03b3-287d-4a44-95fa-498eca565a35','b8080f1b-bb1e-4929-853c-b1cd1e2ff7a5','39295a3d-cc9b-42b4-b206-a2e7fab7e77c','1',NULL,'2','',1402637073718,1402637073718),('e5a7bced-bbe8-4fc9-add7-2eaa9201a464','1d46f5db-f569-4c05-bdba-75106108fcba','39295a3d-cc9b-42b4-b206-a2e7fab7e77c','1',NULL,'13','',1402918970371,1402918970371),('e5a9d662-e142-45ea-abe4-734554ad4639','20b4cbec-bd55-4c21-9c41-3a11ada2b803','39295a3d-cc9b-42b4-b206-a2e7fab7e77c','1',NULL,'测试参加活动——乱七八糟','',1402998258282,1402998258282),('e633e99d-c8dd-44f3-8d8e-5b0966e0927c','- è¯·éæ© -','48595f52-b22c-4485-9244-f4004255b972','1',NULL,'1——1','<p>1——11——11——11——11——11——11——11——11——11——11——11——11——1</p>',0,1402888272331),('e6add2e6-76e8-4b55-954d-521615f319c0','1d46f5db-f569-4c05-bdba-75106108fcba','39295a3d-cc9b-42b4-b206-a2e7fab7e77c','1',NULL,'13','',1402918174030,1402918174030),('e7ad7070-6417-4362-a316-8d61dc004ebb','6d763ac9-dca3-42d7-a2a7-a08053095c08','39295a3d-cc9b-42b4-b206-a2e7fab7e77c','1',NULL,'Demo1','',1404865122090,1404865122090),('e7cbaf1a-591f-4c61-8517-01f8c160e23e','1d46f5db-f569-4c05-bdba-75106108fcba','39295a3d-cc9b-42b4-b206-a2e7fab7e77c','1',NULL,'测试参加活动——乱七八糟','',1402999042856,1402999042856),('eacf1a78-2863-4d81-8b36-de23d21c23bc','1d46f5db-f569-4c05-bdba-75106108fcba','39295a3d-cc9b-42b4-b206-a2e7fab7e77c','1',NULL,'5','',1402919759335,1402919759335),('eb08f452-2bce-498c-b32c-75103252718b','0cd94778-4d52-486d-a35d-263b3cfe6de9','39295a3d-cc9b-42b4-b206-a2e7fab7e77c','1',NULL,'fffff','<p>sdsdfas<br/></p>',0,1402914256924),('eb8d766b-1795-4c8e-b0e4-f8dc0d2325b8','6d763ac9-dca3-42d7-a2a7-a08053095c08','39295a3d-cc9b-42b4-b206-a2e7fab7e77c','1',NULL,'测试参加活动——11111111111','',1402919607509,1402919607509),('ebd65da6-3f90-45f9-b045-782928a5e2c0','fa8d3d9d-2de5-4cfe-845f-951041bcc461','524f7440-7283-4b2d-8af5-4a67570e892e','1',NULL,'测试笔记——4','',1402637035665,1402637035665),('ed1ad6d4-301f-427d-bf8f-ca46fd957603','20b4cbec-bd55-4c21-9c41-3a11ada2b803','39295a3d-cc9b-42b4-b206-a2e7fab7e77c','1',NULL,'啊啊啊啊','<p>灌灌灌灌灌灌灌灌灌灌灌灌灌灌灌灌灌灌灌灌嘎嘎灌灌灌灌灌灌灌灌灌灌嘎嘎嘎嘎灌灌灌灌灌灌灌灌灌灌嘎嘎灌灌灌灌灌灌灌灌灌灌灌灌灌灌嘎嘎灌灌灌</p><p>灌灌灌灌灌灌灌过嘎嘎嘎嘎灌灌灌灌灌灌灌灌灌灌嘎嘎灌灌灌灌灌灌灌灌灌灌嘎嘎嘎嘎嘎嘎个灌灌灌灌嘎嘎灌灌灌灌灌灌灌灌灌灌灌灌灌灌灌灌灌灌灌灌灌灌灌灌灌灌灌灌灌灌灌灌灌灌嘎嘎灌灌灌灌灌灌灌灌灌灌嘎嘎灌灌灌灌灌灌灌灌灌灌</p><p>阿萨德飞洒地方撒的发生大撒地方盛大撒旦阿斯蒂芬撒的发生大阿斯蒂芬阿萨德阿斯蒂芬阿萨德阿斯蒂芬阿斯蒂芬撒地方阿斯蒂芬阿斯蒂芬阿斯蒂芬阿斯蒂芬<br/></p>',1403502122510,1403502122510),('f0e36d387ebf47a4884b7dd778ed4dc4','2a4ca5bb-3073-4194-9d4e-5db0ec5c0998','48595f52-b22c-4485-9244-f4004255b972','1','1','test1',NULL,1586306885531,1586306885531),('f113ba13-24a0-4552-a0d5-a1ee65241cd2','516f6f4f-eaa3-4c76-84ff-530b92c7f64d',NULL,'1',NULL,'title1...','???????',1403258304931,1403258304931),('f2e28f90-7862-467b-a17e-31fcd9f7147b','b8080f1b-bb1e-4929-853c-b1cd1e2ff7a5','39295a3d-cc9b-42b4-b206-a2e7fab7e77c','1',NULL,'24','',1402637129975,1402637129975),('f3ad58a7-eb14-4766-90b2-25d5fd22113b','1d46f5db-f569-4c05-bdba-75106108fcba','39295a3d-cc9b-42b4-b206-a2e7fab7e77c','1',NULL,'13','',1402917565146,1402917565146),('f4594f33-06d4-47dc-87cf-c3bd20e5a23f','0b11444a-a6d6-45ff-8d46-282afaa6a655','39295a3d-cc9b-42b4-b206-a2e7fab7e77c','1',NULL,'阿斯蒂芬阿斯蒂芬撒飞','',1402562701593,1402562701593),('f4cce0e5-ba14-4deb-bc04-e396f53c40f3','1d46f5db-f569-4c05-bdba-75106108fcba','39295a3d-cc9b-42b4-b206-a2e7fab7e77c','1',NULL,'13','',1402916290924,1402916290924),('f74d03aa-d01d-4989-95e8-4757d6ca8a2a','b8080f1b-bb1e-4929-853c-b1cd1e2ff7a5','39295a3d-cc9b-42b4-b206-a2e7fab7e77c','1',NULL,'11','<p>asdfasdfsadfaaa<br/></p>',0,1402648154475),('fed920a0-573c-46c8-ae4e-368397846efd','fa8d3d9d-2de5-4cfe-845f-951041bcc461','524f7440-7283-4b2d-8af5-4a67570e892e','1',NULL,'测试笔记——3','',1402637030385,1402637030385),('ffc2cf21-78ed-4647-adb4-3e545613ef26','20b4cbec-bd55-4c21-9c41-3a11ada2b803','39295a3d-cc9b-42b4-b206-a2e7fab7e77c','1',NULL,'啊啊啊啊','<p>灌灌灌灌灌灌灌灌灌灌灌灌灌灌灌灌灌灌灌灌嘎嘎灌灌灌灌灌灌灌灌灌灌嘎嘎嘎嘎灌灌灌灌灌灌灌灌灌灌嘎嘎灌灌灌灌灌灌灌灌灌灌灌灌灌灌嘎嘎灌灌灌</p><p>灌灌灌灌灌灌灌过嘎嘎嘎嘎灌灌灌灌灌灌灌灌灌灌嘎嘎灌灌灌灌灌灌灌灌灌灌嘎嘎嘎嘎嘎嘎个灌灌灌灌嘎嘎灌灌灌灌灌灌灌灌灌灌灌灌灌灌灌灌灌灌灌灌灌灌灌灌灌灌灌灌灌灌灌灌灌灌嘎嘎灌灌灌灌灌灌灌灌灌灌嘎嘎灌灌灌灌灌灌灌灌灌灌</p><p>阿萨德飞洒地方撒的发生大撒地方盛大撒旦阿斯蒂芬撒的发生大阿斯蒂芬阿萨德阿斯蒂芬阿萨德阿斯蒂芬阿斯蒂芬撒地方阿斯蒂芬阿斯蒂芬阿斯蒂芬阿斯蒂芬<br/></p>',1412404343546,1412404343546),('fsaf-as-df-asdf-as-df-dsa','6d763ac9-dca3-42d7-a2a7-a08053095c08','39295a3d-cc9b-42b4-b206-a2e7fab7e77c','1',NULL,'我的收藏1','111111',1402539293420,1402539293420),('ss19055-30e8-4cdc-bfac-97c6bad9518f','6d763ac9-dca3-42d7-a2a7-a08053095c08','39295a3d-cc9b-42b4-b206-a2e7fab7e77c','1',NULL,'我的收藏2','2222',1402539293420,1402539293420);
/*!40000 ALTER TABLE `cn_note` ENABLE KEYS */;
UNLOCK TABLES;

--
-- Table structure for table `cn_note_activity`
--

DROP TABLE IF EXISTS `cn_note_activity`;
/*!40101 SET @saved_cs_client     = @@character_set_client */;
/*!40101 SET character_set_client = utf8 */;
CREATE TABLE `cn_note_activity` (
  `cn_note_activity_id` varchar(100) NOT NULL COMMENT '投稿ID',
  `cn_activity_id` varchar(100) DEFAULT NULL COMMENT '活动ID',
  `cn_note_id` varchar(100) DEFAULT NULL COMMENT '笔记ID',
  `cn_note_activity_up` int(11) DEFAULT NULL COMMENT '投稿赞:增加数',
  `cn_note_activity_down` int(11) DEFAULT NULL COMMENT '投稿踩:增加数',
  `cn_note_activity_title` varchar(500) DEFAULT NULL,
  `cn_note_activity_body` text,
  PRIMARY KEY (`cn_note_activity_id`),
  KEY `FK_Reference_4` (`cn_activity_id`),
  KEY `FK_Reference_5` (`cn_note_id`)
) ENGINE=InnoDB DEFAULT CHARSET=utf8;
/*!40101 SET character_set_client = @saved_cs_client */;

--
-- Dumping data for table `cn_note_activity`
--

LOCK TABLES `cn_note_activity` WRITE;
/*!40000 ALTER TABLE `cn_note_activity` DISABLE KEYS */;
INSERT INTO `cn_note_activity` VALUES ('0533bce4-0341-4d07-a953-3e6bbb402c75','8','737a9a27-b02f-4cc2-b447-eba0f047cd0d',0,0,'aaaa','<p>顶顶顶顶顶顶顶顶顶顶顶顶顶顶<br/></p>'),('07468f36-fe97-4033-aa77-88c867a4fc3b','3','046b0110-67f9-48c3-bef3-b0b23bda9d4e',0,0,'啊啊啊啊','<p>灌灌灌灌灌灌灌灌灌灌灌灌灌灌灌灌灌灌灌灌嘎嘎灌灌灌灌灌灌灌灌灌灌嘎嘎嘎嘎灌灌灌灌灌灌灌灌灌灌嘎嘎灌灌灌灌灌灌灌灌灌灌灌灌灌灌嘎嘎灌灌灌</p><p>灌灌灌灌灌灌灌过嘎嘎嘎嘎灌灌灌灌灌灌灌灌灌灌嘎嘎灌灌灌灌灌灌灌灌灌灌嘎嘎嘎嘎嘎嘎个灌灌灌灌嘎嘎灌灌灌灌灌灌灌灌灌灌灌灌灌灌灌灌灌灌灌灌灌灌灌灌灌灌灌灌灌灌灌灌灌灌嘎嘎灌灌灌灌灌灌灌灌灌灌嘎嘎灌灌灌灌灌灌灌灌灌灌</p><p>阿萨德飞洒地方撒的发生大撒地方盛大撒旦阿斯蒂芬撒的发生大阿斯蒂芬阿萨德阿斯蒂芬阿萨德阿斯蒂芬阿斯蒂芬撒地方阿斯蒂芬阿斯蒂芬阿斯蒂芬阿斯蒂芬<br/></p>'),('0c6b43f6-ada8-4eba-a859-c7f3ad68ea10','1','326f17e8-ff04-4a79-b33b-ae4bb3bb5f1b',0,0,'测试收藏活动笔记——1','<p>测试收藏活动笔记——1测试收藏活动笔记——1测试收藏活动笔记——1测试收藏活动笔记——1测试收藏活动笔记——1测试收藏活动笔记——1测试收藏活动笔记——1测试收藏活动笔记——1测试收藏活动笔记——1测试收藏活动笔记——1测试收藏活动笔记——1测试收藏活动笔记——1</p>'),('1111223213','111222','1231312312313',0,0,'junit test','阿斯顿福建收到了空间发啊死啦款到即发阿斯利康京东方'),('1111223213123123','11122231231','1231312312313',0,0,'junit test','阿斯顿福建收到了空间发啊死啦款到即发阿斯利康京东方'),('1111223213123123adf','11122231231','1231312312313',0,0,'junit test','阿斯顿福建收到了空间发啊死啦款到即发阿斯利康京东方'),('1a2348f1-d083-480d-b899-41df960927bf','fa8d3d9d-2de5-4cfe-845f-951041bcc461','3febebb3-a1b7-45ac-83ba-50cdb41e5fc1',0,0,'测试笔记——1',''),('1ef6eeaa-e995-409f-a810-7c1eeb736e99','6dc39e41-8c9e-4791-9c13-52a8e537fe64','ce997ee1-0adf-4d71-9be9-fe32807c34fb',0,0,'ddddddddddddddddddd','<p>彭川测试彭川测试彭川测试彭川测试彭川测试彭川测试彭川测试彭川测试dddddd</p>'),('20010a60-bab4-41ea-9aff-18d6c16cd110','fa8d3d9d-2de5-4cfe-845f-951041bcc461','754f9d52-3c25-40e1-ae5a-6110d799e608',0,0,'note2','<p>阿斯顿发送到撒旦法撒旦法斯蒂芬</p><p>阿萨德fas东方as东方</p><p>asdf s撒地方as东方</p><p>asdfas的</p><p>asdf asdf asd飞</p><p>撒地方sad飞as东方asdf撒旦</p><p>sa东方</p><p>阿斯蒂芬asd飞洒地方<br/></p>'),('2630c3fb-ac81-4501-9d54-c6fa8cd26dd5','1','d3ded3ca-4e79-48fd-a501-ea4df79936c1',0,0,'安装笔记','<p>首先配置环境~<br/></p>'),('30d697bf-c1eb-466b-9f9d-83019c6d3a56','1','60480071-f989-4945-9b1c-0d2aba07ae96',0,0,'测试参加活动——乱七八糟',''),('5595e8c9-df35-4e91-8e8c-a3af3a0c3de3','1','7cc685b4-1b0b-4900-8511-f948aa2c2e28',0,0,'测试参加活动——11111111111',''),('60aadac1-6e35-4b2e-a5c4-3cd430a7803a','fa8d3d9d-2de5-4cfe-845f-951041bcc461','b4f82f9f-bc0f-480a-b8f2-335164d69945',0,0,'dddd',''),('61c4fbd2-b311-49f0-93cf-556b198c850f','fa8d3d9d-2de5-4cfe-845f-951041bcc461','ebd65da6-3f90-45f9-b045-782928a5e2c0',0,0,'测试笔记——4',''),('6aa515cc-43b2-4ecc-8bb6-f298ad2cabd7','1','5565bda4-ddee-4f87-844e-2ba83aa4925f',0,0,'1——5','<p>1——5</p><p>1——5</p><p>1——5</p><p>1——5</p><p>1——5</p><p>1——5</p><p><br/></p>'),('74a9eb36-043b-4715-8c4f-0b7927eea7de','undefined','3febebb3-a1b7-45ac-83ba-50cdb41e5fc1',0,0,'测试笔记——1',''),('788f6e74-aa66-46eb-bc24-f041935080ff','fa8d3d9d-2de5-4cfe-845f-951041bcc461','b4f82f9f-bc0f-480a-b8f2-335164d69945',0,0,'dddd',''),('918dc992-3b64-40a4-9750-7868b15121c7','fa8d3d9d-2de5-4cfe-845f-951041bcc461','ebd65da6-3f90-45f9-b045-782928a5e2c0',0,0,'测试笔记——4',''),('9971724f-e890-429b-8ffc-a52eb73e59a4','1','326f17e8-ff04-4a79-b33b-ae4bb3bb5f1b',0,0,'测试收藏活动笔记——1','<p>测试收藏活动笔记——1测试收藏活动笔记——1测试收藏活动笔记——1测试收藏活动笔记——1测试收藏活动笔记——1测试收藏活动笔记——1测试收藏活动笔记——1测试收藏活动笔记——1测试收藏活动笔记——1测试收藏活动笔记——1测试收藏活动笔记——1测试收藏活动笔记——1</p>'),('9a0512d2-e8e3-431b-9a2b-c010e01b8cf0','c7f7fcdb-37c0-4d04-8dea-99123c672d4a','60480071-f989-4945-9b1c-0d2aba07ae96',0,0,'测试参加活动——乱七八糟',''),('9f3fe6bc-3353-4f91-8883-452e37edcd5c','fa8d3d9d-2de5-4cfe-845f-951041bcc461','60480071-f989-4945-9b1c-0d2aba07ae96',0,0,'测试参加活动——乱七八糟',''),('a892e798-55aa-4ee1-ac7a-feec25f52f3a','8','b5fc7da0-b5e8-4792-8f1f-9fd4b347a64f',0,0,'笔记1——132','<p>阿斯顿辅导费的阿萨德东方</p><p>爱的色放飞速达阿萨德</p><p>阿萨德撒地方 撒旦法撒旦按时发达发放倒萨士大夫</p><p>阿萨德法撒旦阿斯蒂芬123123<br/></p>'),('ae2aa279-6f29-4723-97a0-71269e649921','1','326f17e8-ff04-4a79-b33b-ae4bb3bb5f1b',0,0,'测试收藏活动笔记——1','<p>测试收藏活动笔记——1测试收藏活动笔记——1测试收藏活动笔记——1测试收藏活动笔记——1测试收藏活动笔记——1测试收藏活动笔记——1测试收藏活动笔记——1测试收藏活动笔记——1测试收藏活动笔记——1测试收藏活动笔记——1测试收藏活动笔记——1测试收藏活动笔记——1</p>'),('b492c950-8690-4c50-a0dd-2ee45a6ce199','1','b6f39eed-7d6f-42a5-af4f-53b3a1d12451',0,0,'周佳1111','<p>啊水井坊绿卡圣诞节法拉盛简单了咖啡机卡拉斯的了发生发了束带结发阿斯蒂芬</p><p>SD卡反击asflsakd拉斯加发斯蒂芬</p><p>asfsda飞阿斯蒂芬</p><p>阿斯蒂芬</p><p>阿斯蒂芬阿斯蒂芬阿斯蒂芬阿斯蒂芬阿斯蒂芬as的阿斯蒂芬<br/></p>'),('ba60ed45-1474-4ae2-af7c-73b10dcffbc0','1','8530622b-f739-4048-a23f-d226228756b3',0,0,'2——1',''),('bea04303-1590-4da8-8905-3f5a3b0202e8','fa8d3d9d-2de5-4cfe-845f-951041bcc461','ebd65da6-3f90-45f9-b045-782928a5e2c0',0,0,'测试笔记——4',''),('c08620aa-dbf6-401a-9c86-59030417c70b','fa8d3d9d-2de5-4cfe-845f-951041bcc461','3febebb3-a1b7-45ac-83ba-50cdb41e5fc1',0,0,'测试笔记——1',''),('c365d8e6-7a51-4607-af9a-08261c2a6f7b','fa8d3d9d-2de5-4cfe-845f-951041bcc461','e633e99d-c8dd-44f3-8d8e-5b0966e0927c',0,0,'1——1','<p>1——11——11——11——11——11——11——11——11——11——11——11——11——1</p>'),('c44c84eb-983c-49a5-8922-34f82a6750b9','fa8d3d9d-2de5-4cfe-845f-951041bcc461','668354a9-c7b4-46a0-9a6d-b138cdefc941',0,0,'aaaa','<p>啊啊啊啊啊啊啊啊啊啊啊啊</p><p>啊啊啊啊啊啊啊啊啊啊啊啊啊啊啊啊啊啊啊</p><p><br/></p><p><br/></p><p>啊&nbsp;&nbsp;&nbsp;&nbsp;&nbsp;&nbsp;&nbsp;&nbsp;&nbsp;&nbsp;&nbsp;&nbsp;&nbsp;&nbsp;&nbsp;&nbsp;&nbsp;&nbsp;&nbsp; 啊啊啊啊啊啊啊啊啊啊啊啊啊啊啊啊</p><p>啊&nbsp;&nbsp;&nbsp;&nbsp;&nbsp;&nbsp;&nbsp;&nbsp;&nbsp;&nbsp;&nbsp;&nbsp;&nbsp;&nbsp;&nbsp;&nbsp;&nbsp;&nbsp;&nbsp;&nbsp;&nbsp;&nbsp;&nbsp;&nbsp;&nbsp; 啊啊啊啊啊啊啊啊啊啊啊啊啊啊啊啊啊啊啊</p><p>啊&nbsp; 啊啊安装啊擦杀手锏几十封水电费哈数据库电话费阿迪少喝咖啡哈苏丹红将SD卡后方可发生东方航空阿飞啊剑神发哈卡斯加和东方加水电费哈斯卡东方红卡萨京东方看见司法局分开奖号覅王全覆盖撒地方将和的发射到发神经货到付款级啊双飞刀暗红色的罚款京哈卡加少废话卡加水电费卡拉斯电话费卡加水电费就啊哈撒地方库哈斯电话费卡萨丁后发生剪短发了卡萨京东方缴费【if圣诞节罚款加阿斯顿发货阿斯顿减肥撒旦了咖啡机收到啊剑神咖啡哈桑就款到发货爱上积分卡水井坊路口减肥拉斯克奖分拉斯克奖法拉克水煎服啊拉斯克奖地方阿拉山口缴费乐俊凯减肥拉斯克奖发了卡萨京东方看京东方<br/></p>'),('d1311a01-20f0-4645-b764-b4066613134f','fa8d3d9d-2de5-4cfe-845f-951041bcc461','53d1b3ed-59a1-4715-a7b2-9027b0d551e0',0,0,'周佳note',''),('d322e34c-e8f3-4a29-9bb1-55fa4395879f','3','046b0110-67f9-48c3-bef3-b0b23bda9d4e',0,0,'啊啊啊啊','<p>灌灌灌灌灌灌灌灌灌灌灌灌灌灌灌灌灌灌灌灌嘎嘎灌灌灌灌灌灌灌灌灌灌嘎嘎嘎嘎灌灌灌灌灌灌灌灌灌灌嘎嘎灌灌灌灌灌灌灌灌灌灌灌灌灌灌嘎嘎灌灌灌</p><p>灌灌灌灌灌灌灌过嘎嘎嘎嘎灌灌灌灌灌灌灌灌灌灌嘎嘎灌灌灌灌灌灌灌灌灌灌嘎嘎嘎嘎嘎嘎个灌灌灌灌嘎嘎灌灌灌灌灌灌灌灌灌灌灌灌灌灌灌灌灌灌灌灌灌灌灌灌灌灌灌灌灌灌灌灌灌灌嘎嘎灌灌灌灌灌灌灌灌灌灌嘎嘎灌灌灌灌灌灌灌灌灌灌</p><p>阿萨德飞洒地方撒的发生大撒地方盛大撒旦阿斯蒂芬撒的发生大阿斯蒂芬阿萨德阿斯蒂芬阿萨德阿斯蒂芬阿斯蒂芬撒地方阿斯蒂芬阿斯蒂芬阿斯蒂芬阿斯蒂芬<br/></p>'),('ddddddddddddddddddddddddddd','1','ce997ee1-0adf-4d71-9be9-fe32807c34fb',0,0,'ddddddddddddddddd','								</pre>'),('e49eff6a-0ff1-4c57-b529-c7e6257388d4','1','3febebb3-a1b7-45ac-83ba-50cdb41e5fc1',0,0,'测试笔记——1',''),('eeeeeeeeeeeeeeeeeeeee','1','ce997ee1-0adf-4d71-9be9-fe32807c34fb',0,0,'eeeeeeee','<pre class=\"prettyprint linenums\">\r\n&lt;script type=\"text/javascript\"&gt;\r\n	function get_dom(e){\r\n		return document.getElementById(e);\r\n	}\r\n	function set_height(){\r\n		var pc_height=window.innerHeight;\r\n		pc_height=pc_height-131;\r\n		get_dom(\'first_side_right\').style.height=(pc_height-31)+\'px\';\r\n		get_dom(\'second_side_right\').style.height=pc_height+\'px\';\r\n		get_dom(\'four_side_right\').style.height=pc_height+\'px\';\r\n		get_dom(\'input_note_text\').value=pc_height+\'px\';\r\n		get_dom(\'third_side_right\').style.height=(pc_height-15)+\'px\';\r\n		get_dom(\'fifth_side_right\').style.height=(pc_height-15)+\'px\';\r\n	}\r\n	set_height();\r\n	window.onresize=function(){\r\n		set_height();//pengchuan\r\n	}\r\n	function get_dom(e){\r\n		return document.getElementById(e);\r\n	}\r\n	function set_height(){\r\n		var pc_height=window.innerHeight;\r\n		pc_height=pc_height-131;\r\n		get_dom(\'first_side_right\').style.height=(pc_height-31)+\'px\';\r\n		get_dom(\'second_side_right\').style.height=pc_height+\'px\';\r\n		get_dom(\'four_side_right\').style.height=pc_height+\'px\';\r\n		get_dom(\'input_note_text\').value=pc_height+\'px\';\r\n		get_dom(\'third_side_right\').style.height=(pc_height-15)+\'px\';\r\n		get_dom(\'fifth_side_right\').style.height=(pc_height-15)+\'px\';\r\n	}\r\n	set_height();\r\n	window.onresize=function(){\r\n		set_height();//pengchuan\r\n	}\r\n	function get_dom(e){\r\n		return document.getElementById(e);\r\n	}\r\n	function set_height(){\r\n		var pc_height=window.innerHeight;\r\n		pc_height=pc_height-131;\r\n		get_dom(\'first_side_right\').style.height=(pc_height-31)+\'px\';\r\n		get_dom(\'second_side_right\').style.height=pc_height+\'px\';\r\n		get_dom(\'four_side_right\').style.height=pc_height+\'px\';\r\n		get_dom(\'input_note_text\').value=pc_height+\'px\';\r\n		get_dom(\'third_side_right\').style.height=(pc_height-15)+\'px\';\r\n		get_dom(\'fifth_side_right\').style.height=(pc_height-15)+\'px\';\r\n	}\r\n	set_height();\r\n	window.onresize=function(){\r\n		set_height();//pengchuan\r\n	}\r\n	function get_dom(e){\r\n		return document.getElementById(e);\r\n	}\r\n	function set_height(){\r\n		var pc_height=window.innerHeight;\r\n		pc_height=pc_height-131;\r\n		get_dom(\'first_side_right\').style.height=(pc_height-31)+\'px\';\r\n		get_dom(\'second_side_right\').style.height=pc_height+\'px\';\r\n		get_dom(\'four_side_right\').style.height=pc_height+\'px\';\r\n		get_dom(\'input_note_text\').value=pc_height+\'px\';\r\n		get_dom(\'third_side_right\').style.height=(pc_height-15)+\'px\';\r\n		get_dom(\'fifth_side_right\').style.height=(pc_height-15)+\'px\';\r\n	}\r\n	set_height();\r\n	window.onresize=function(){\r\n		set_height();//pengchuan\r\n	}\r\n	function get_dom(e){\r\n		return document.getElementById(e);\r\n	}\r\n	function set_height(){\r\n		var pc_height=window.innerHeight;\r\n		pc_height=pc_height-131;\r\n		get_dom(\'first_side_right\').style.height=(pc_height-31)+\'px\';\r\n		get_dom(\'second_side_right\').style.height=pc_height+\'px\';\r\n		get_dom(\'four_side_right\').style.height=pc_height+\'px\';\r\n		get_dom(\'input_note_text\').value=pc_height+\'px\';\r\n		get_dom(\'third_side_right\').style.height=(pc_height-15)+\'px\';\r\n		get_dom(\'fifth_side_right\').style.height=(pc_height-15)+\'px\';\r\n	}\r\n	set_height();\r\n	window.onresize=function(){\r\n		set_height();//pengchuan\r\n	}\r\n	function get_dom(e){\r\n		return document.getElementById(e);\r\n	}\r\n	function set_height(){\r\n		var pc_height=window.innerHeight;\r\n		pc_height=pc_height-131;\r\n		get_dom(\'first_side_right\').style.height=(pc_height-31)+\'px\';\r\n		get_dom(\'second_side_right\').style.height=pc_height+\'px\';\r\n		get_dom(\'four_side_right\').style.height=pc_height+\'px\';\r\n		get_dom(\'input_note_text\').value=pc_height+\'px\';\r\n		get_dom(\'third_side_right\').style.height=(pc_height-15)+\'px\';\r\n		get_dom(\'fifth_side_right\').style.height=(pc_height-15)+\'px\';\r\n	}\r\n	set_height();\r\n	window.onresize=function(){\r\n		set_height();//pengchuan\r\n	}\r\n	function get_dom(e){\r\n		return document.getElementById(e);\r\n	}\r\n	function set_height(){\r\n		var pc_height=window.innerHeight;\r\n		pc_height=pc_height-131;\r\n		get_dom(\'first_side_right\').style.height=(pc_height-31)+\'px\';\r\n		get_dom(\'second_side_right\').style.height=pc_height+\'px\';\r\n		get_dom(\'four_side_right\').style.height=pc_height+\'px\';\r\n		get_dom(\'input_note_text\').value=pc_height+\'px\';\r\n		get_dom(\'third_side_right\').style.height=(pc_height-15)+\'px\';\r\n		get_dom(\'fifth_side_right\').style.height=(pc_height-15)+\'px\';\r\n	}\r\n	set_height();\r\n	window.onresize=function(){\r\n		set_height();//pengchuan\r\n	}\r\n&lt;/script&gt;\r\n								</pre>'),('ffdf744f-0845-49bf-b7b3-81b3cd622cf9','fa8d3d9d-2de5-4cfe-845f-951041bcc461','9187ffd3-4c1e-4768-9f2f-c600e835b823',0,0,'测试笔记——2',''),('sssssssssssssssssssssssssssssss','1','ce997ee1-0adf-4d71-9be9-fe32807c34fb',0,0,'ssssssssssssssssssssssssssss','ssssssssssssssssssssss'),('wwwwwwwwwwwwwwwwwww','1','ce997ee1-0adf-4d71-9be9-fe32807c34fb',0,0,'我勒个去','我勒个去~~~~~');
/*!40000 ALTER TABLE `cn_note_activity` ENABLE KEYS */;
UNLOCK TABLES;

--
-- Table structure for table `cn_note_status`
--

DROP TABLE IF EXISTS `cn_note_status`;
/*!40101 SET @saved_cs_client     = @@character_set_client */;
/*!40101 SET character_set_client = utf8 */;
CREATE TABLE `cn_note_status` (
  `cn_note_status_id` varchar(100) NOT NULL COMMENT '笔记状态ID',
  `cn_note_status_code` varchar(100) DEFAULT NULL COMMENT '笔记状态Code',
  `cn_note_status_name` varchar(500) DEFAULT NULL COMMENT '笔记状态名字',
  PRIMARY KEY (`cn_note_status_id`)
) ENGINE=InnoDB DEFAULT CHARSET=utf8;
/*!40101 SET character_set_client = @saved_cs_client */;

--
-- Dumping data for table `cn_note_status`
--

LOCK TABLES `cn_note_status` WRITE;
/*!40000 ALTER TABLE `cn_note_status` DISABLE KEYS */;
INSERT INTO `cn_note_status` VALUES ('1','normal','normal'),('2','deleted','deleted');
/*!40000 ALTER TABLE `cn_note_status` ENABLE KEYS */;
UNLOCK TABLES;

--
-- Table structure for table `cn_note_type`
--

DROP TABLE IF EXISTS `cn_note_type`;
/*!40101 SET @saved_cs_client     = @@character_set_client */;
/*!40101 SET character_set_client = utf8 */;
CREATE TABLE `cn_note_type` (
  `cn_note_type_id` varchar(100) NOT NULL COMMENT '笔记本类型ID',
  `cn_note_type_code` varchar(100) DEFAULT NULL COMMENT '笔记本类型Code',
  `cn_note_type_name` varchar(500) DEFAULT NULL COMMENT '笔记本类型名称',
  `cn_note_type_desc` text COMMENT '笔记本类型说明',
  PRIMARY KEY (`cn_note_type_id`)
) ENGINE=InnoDB DEFAULT CHARSET=utf8;
/*!40101 SET character_set_client = @saved_cs_client */;

--
-- Dumping data for table `cn_note_type`
--

LOCK TABLES `cn_note_type` WRITE;
/*!40000 ALTER TABLE `cn_note_type` DISABLE KEYS */;
INSERT INTO `cn_note_type` VALUES ('1','normal','normal',NULL);
/*!40000 ALTER TABLE `cn_note_type` ENABLE KEYS */;
UNLOCK TABLES;

--
-- Table structure for table `cn_notebook`
--

DROP TABLE IF EXISTS `cn_notebook`;
/*!40101 SET @saved_cs_client     = @@character_set_client */;
/*!40101 SET character_set_client = utf8 */;
CREATE TABLE `cn_notebook` (
  `cn_notebook_id` varchar(100) NOT NULL COMMENT '笔记本ID',
  `cn_user_id` varchar(100) DEFAULT NULL COMMENT '用户ID',
  `cn_notebook_type_id` varchar(100) DEFAULT NULL COMMENT '笔记本类型ID',
  `cn_notebook_name` varchar(500) DEFAULT NULL COMMENT '笔记本名',
  `cn_notebook_desc` text COMMENT '笔记本说明',
  `cn_notebook_createtime` timestamp NOT NULL DEFAULT '0000-00-00 00:00:00' ON UPDATE CURRENT_TIMESTAMP,
  PRIMARY KEY (`cn_notebook_id`),
  KEY `FK_Note_User_Reference` (`cn_user_id`),
  KEY `FK_Reference_6` (`cn_notebook_type_id`)
) ENGINE=InnoDB DEFAULT CHARSET=utf8;
/*!40101 SET character_set_client = @saved_cs_client */;

--
-- Dumping data for table `cn_notebook`
--

LOCK TABLES `cn_notebook` WRITE;
/*!40000 ALTER TABLE `cn_notebook` DISABLE KEYS */;
INSERT INTO `cn_notebook` VALUES ('0037215c-09fe-4eaa-aeb5-25a340c6b39b','52f9b276-38ee-447f-a3aa-0d54e7a736e4','5','wsf',NULL,'2014-06-27 07:18:59'),('01e24d89-15ab-4b6a-bf6f-2e5ad10b2041','39295a3d-cc9b-42b4-b206-a2e7fab7e77c','5','笔记本1111',NULL,'2014-06-27 07:18:59'),('049d4cd3-943b-4fc0-97cf-520cd788fe85','39295a3d-cc9b-42b4-b206-a2e7fab7e77c','5','笔记本1',NULL,'2014-06-27 07:18:59'),('0b11444a-a6d6-45ff-8d46-282afaa6a655','39295a3d-cc9b-42b4-b206-a2e7fab7e77c','5','笔记本1',NULL,'2014-06-27 07:18:59'),('0cd94778-4d52-486d-a35d-263b3cfe6de9','39295a3d-cc9b-42b4-b206-a2e7fab7e77c','5','zhoujia_test',NULL,'2014-06-27 07:18:59'),('12119052-874c-4341-b85d-6529e171ed83','48595f52-b22c-4485-9244-f4004255b972','5','测试——5',NULL,'2014-06-27 07:18:59'),('1755013b-05fc-4218-83cf-956287a81b49','ea09d9b1-ede7-4bd8-b43d-a546680df00b','4','push',NULL,'2014-06-27 07:18:59'),('1b05c9c7-f1cd-4842-beae-15ed95a1febb','03590914-a934-4da9-ba4d-b41799f917d1','3','action',NULL,'2014-07-09 09:16:45'),('1d46f5db-f569-4c05-bdba-75106108fcba','39295a3d-cc9b-42b4-b206-a2e7fab7e77c','1','favorites',NULL,'2014-06-27 07:18:59'),('1db556b9-d1dc-4ed9-8274-45cf0afbe859','48595f52-b22c-4485-9244-f4004255b972','3','action',NULL,'2014-06-27 07:18:59'),('1ea71525-2a72-4115-abb0-197b78e92f29','524f7440-7283-4b2d-8af5-4a67570e892e','5','sssss',NULL,'2014-06-27 07:18:59'),('1ecf916f-61b8-409a-8173-1e548ac65d89','ea09d9b1-ede7-4bd8-b43d-a546680df00b','3','action',NULL,'2014-06-27 07:18:59'),('1fdb7adb-5da0-41f7-8f4e-5a512dbed9fc','52f9b276-38ee-447f-a3aa-0d54e7a736e4','4','push',NULL,'2014-06-27 07:18:59'),('20b4cbec-bd55-4c21-9c41-3a11ada2b803','39295a3d-cc9b-42b4-b206-a2e7fab7e77c','3','action',NULL,'2014-06-27 07:18:59'),('29b4371417f044bba7256a9e00fca045','48595f52-b22c-4485-9244-f4004255b972',NULL,'测试笔记',NULL,'2020-04-08 00:34:53'),('2a4ca5bb-3073-4194-9d4e-5db0ec5c0998','48595f52-b22c-4485-9244-f4004255b972','2','recycle',NULL,'2014-06-27 07:18:59'),('2c0bda01-b6bb-48b3-92e5-89f42cda6d27','333c6d0b-e4a2-4596-9902-a5d98c2f665a','4','push',NULL,'2014-06-27 07:18:59'),('4acb305b-5def-47ae-8832-c2a188662085','39295a3d-cc9b-42b4-b206-a2e7fab7e77c','4','push',NULL,'2014-06-27 07:18:59'),('516f6f4f-eaa3-4c76-84ff-530b92c7f64d','39295a3d-cc9b-42b4-b206-a2e7fab7e77c','5','hadoop',NULL,'2014-06-27 07:18:59'),('5612df0f-2b3a-4a8c-8df7-e1de67b6abcd','39295a3d-cc9b-42b4-b206-a2e7fab7e77c','5','time_test',NULL,'2014-06-27 07:18:59'),('59b354f8-47ae-437d-a432-7d28736bd894','48595f52-b22c-4485-9244-f4004255b972','5','333',NULL,'2014-06-27 07:18:59'),('5d2e2b56bd53458397c07f33e450a234','99a001f73dec41c5b70fb5d9584cefbf',NULL,'Personal Diary',NULL,'2020-04-10 01:42:34'),('5fe10a1bb8cb4c238023fdf49d24090c','48595f52-b22c-4485-9244-f4004255b972',NULL,'test2',NULL,'2020-04-08 00:48:56'),('64639e62-9241-4efb-874b-01e97257cb6e','333c6d0b-e4a2-4596-9902-a5d98c2f665a','5','test_1',NULL,'2014-06-27 07:18:59'),('6666666666666666666666666666666666','524f7440-7283-4b2d-8af5-4a67570e892e','3','avtion',NULL,'2014-06-27 07:18:59'),('6d763ac9-dca3-42d7-a2a7-a08053095c08','39295a3d-cc9b-42b4-b206-a2e7fab7e77c','2','recycle',NULL,'2014-06-27 07:18:59'),('6dc39e41-8c9e-4791-9c13-52a8e537fe64','524f7440-7283-4b2d-8af5-4a67570e892e','5','测试笔记本——2',NULL,'2014-06-27 07:18:59'),('73338a8837e14668b561f29b9c31f0b6','99a001f73dec41c5b70fb5d9584cefbf',NULL,'测试',NULL,'2020-04-08 01:18:34'),('738202b0-41de-4aee-9278-5f2134091ae2','333c6d0b-e4a2-4596-9902-a5d98c2f665a','3','action',NULL,'2014-06-27 07:18:59'),('81d1a99268cb4f18bce8e8d413e0f233','99a001f73dec41c5b70fb5d9584cefbf',NULL,'New thoughts',NULL,'2020-04-10 02:07:24'),('8844559e-9d93-459b-a9db-2afcb8a592c8','39295a3d-cc9b-42b4-b206-a2e7fab7e77c','5','klsfj',NULL,'2014-07-18 09:39:32'),('885bbeab-ab12-4048-adb2-c6fd9c3e9be8','03590914-a934-4da9-ba4d-b41799f917d1','2','recycle',NULL,'2014-07-09 09:16:45'),('8888888888888888888888888888888888','524f7440-7283-4b2d-8af5-4a67570e892e','1','favorites',NULL,'2014-06-27 07:18:59'),('8be77c36-3cd5-4727-a8a9-071316a2eb11','39295a3d-cc9b-42b4-b206-a2e7fab7e77c','5','zhoujia-111',NULL,'2014-06-27 07:18:59'),('94730716-2002-4952-ba23-aeb1e92ea00a','52f9b276-38ee-447f-a3aa-0d54e7a736e4','1','favorites',NULL,'2014-06-27 07:18:59'),('97a87189-c661-4a14-8081-faf011904499','03590914-a934-4da9-ba4d-b41799f917d1','4','push',NULL,'2014-07-09 09:16:45'),('9999999999999999999999999999999999','524f7440-7283-4b2d-8af5-4a67570e892e','2','recycle',NULL,'2014-06-27 07:18:59'),('9c68ca1a-830f-4a81-a8ec-d148d2df4f7f','39295a3d-cc9b-42b4-b206-a2e7fab7e77c','5','dddd ',NULL,'2014-06-27 07:18:32'),('a1358ece-bd30-48a2-a53c-0fe195609fd2','39295a3d-cc9b-42b4-b206-a2e7fab7e77c','5','wsf',NULL,'2014-06-27 07:18:59'),('a1669286-b171-4a06-b2fc-2dfe5afdb0ec','39295a3d-cc9b-42b4-b206-a2e7fab7e77c','5','Hello',NULL,'2014-06-27 07:18:59'),('a20ac761-c1eb-462a-8ed9-c0a9fb412e70','03590914-a934-4da9-ba4d-b41799f917d1','1','favorites',NULL,'2014-07-09 09:16:45'),('a248decc-0fb6-402c-83e9-ea33a276968a','333c6d0b-e4a2-4596-9902-a5d98c2f665a','1','favorites',NULL,'2014-06-27 07:18:59'),('ab2a2058-8d8f-41a1-b7c4-b4a7b6f95fc3','333c6d0b-e4a2-4596-9902-a5d98c2f665a','2','recycle',NULL,'2014-06-27 07:18:59'),('ac41f2c196484f7bb5cf9d5617aadeb2','99a001f73dec41c5b70fb5d9584cefbf',NULL,'School Work',NULL,'2020-04-10 01:42:05'),('af8be968-66bb-4b75-ac5d-d7deb772640f','39295a3d-cc9b-42b4-b206-a2e7fab7e77c','5','而成的',NULL,'2014-06-27 07:18:59'),('b6887c05-7316-4088-8d67-c451f1474575','ea09d9b1-ede7-4bd8-b43d-a546680df00b','5','笔记1',NULL,'2014-06-27 07:18:59'),('b800156e-42b6-4ca6-b1d4-16901635e431','39295a3d-cc9b-42b4-b206-a2e7fab7e77c','5','Demo',NULL,'2014-07-07 09:19:46'),('b8080f1b-bb1e-4929-853c-b1cd1e2ff7a5','39295a3d-cc9b-42b4-b206-a2e7fab7e77c','5','发大水发',NULL,'2014-06-27 07:18:59'),('bfe73e2c-289f-4eab-82b2-b82ba17c1396','48595f52-b22c-4485-9244-f4004255b972','4','push',NULL,'2014-06-27 07:18:59'),('c3cc0f49-5f58-4585-85aa-675ce38a2368','524f7440-7283-4b2d-8af5-4a67570e892e','5','得得得得得',NULL,'2014-06-27 07:18:59'),('c7f7fcdb-37c0-4d04-8dea-99123c672d4a','524f7440-7283-4b2d-8af5-4a67570e892e','5','22222222222222222',NULL,'2014-06-27 07:18:59'),('c8d81ee5-f8cd-49e8-b2e6-ab174a926d95','48595f52-b22c-4485-9244-f4004255b972','5','测试——22222',NULL,'2014-06-27 07:18:59'),('cce17f11-6b90-4a17-87a2-74df0f5d4991','ea09d9b1-ede7-4bd8-b43d-a546680df00b','5','笔记2',NULL,'2014-06-27 07:18:59'),('d0b0727f-a233-4a1f-8600-f49fc1f25bc9','48595f52-b22c-4485-9244-f4004255b972','1','favorites',NULL,'2014-06-27 07:18:59'),('d0e7ce0d-4893-4705-a51a-9a73d259bc70','39295a3d-cc9b-42b4-b206-a2e7fab7e77c','5','别基本3',NULL,'2014-06-27 07:18:59'),('d92e6b86-e48a-485d-8f11-04a93818bb42','48595f52-b22c-4485-9244-f4004255b972','5','测试——1',NULL,'2014-06-27 07:18:59'),('db31c93f-957f-4f3c-ae67-cd443d5c0d06','ea09d9b1-ede7-4bd8-b43d-a546680df00b','1','favorites',NULL,'2014-06-27 07:18:59'),('dd7fd38c-3d22-4206-bcdd-324c1cb8983b','52f9b276-38ee-447f-a3aa-0d54e7a736e4','3','action',NULL,'2014-06-27 07:18:59'),('e46239d6-4f54-426c-a448-f7a0d45f9425','ea09d9b1-ede7-4bd8-b43d-a546680df00b','2','recycle',NULL,'2014-06-27 07:18:59'),('f34edc18-df1e-4a32-9fa6-242e4729481d','39295a3d-cc9b-42b4-b206-a2e7fab7e77c','5','Demo',NULL,'2014-07-07 09:19:39'),('f45f368b-6558-426e-a58e-a7b819d29ca9','52f9b276-38ee-447f-a3aa-0d54e7a736e4','2','recycle',NULL,'2014-06-27 07:18:59'),('fa8d3d9d-2de5-4cfe-845f-951041bcc461','524f7440-7283-4b2d-8af5-4a67570e892e','5','测试笔记本——3',NULL,'2014-06-27 07:18:59');
/*!40000 ALTER TABLE `cn_notebook` ENABLE KEYS */;
UNLOCK TABLES;

--
-- Table structure for table `cn_notebook_type`
--

DROP TABLE IF EXISTS `cn_notebook_type`;
/*!40101 SET @saved_cs_client     = @@character_set_client */;
/*!40101 SET character_set_client = utf8 */;
CREATE TABLE `cn_notebook_type` (
  `cn_notebook_type_id` varchar(100) NOT NULL COMMENT '笔记本类型ID',
  `cn_notebook_type_code` varchar(100) DEFAULT NULL COMMENT '笔记本类型Code',
  `cn_notebook_type_name` varchar(500) DEFAULT NULL COMMENT '笔记本类型名称',
  `cn_notebook_type_desc` text COMMENT '笔记本类型说明',
  PRIMARY KEY (`cn_notebook_type_id`)
) ENGINE=InnoDB DEFAULT CHARSET=utf8;
/*!40101 SET character_set_client = @saved_cs_client */;

--
-- Dumping data for table `cn_notebook_type`
--

LOCK TABLES `cn_notebook_type` WRITE;
/*!40000 ALTER TABLE `cn_notebook_type` DISABLE KEYS */;
INSERT INTO `cn_notebook_type` VALUES ('1','favorites','favorites','收藏'),('2','recycle','recycle','回收站'),('3','action','action','活动'),('4','push','push','推送'),('5','normal','normal','正常');
/*!40000 ALTER TABLE `cn_notebook_type` ENABLE KEYS */;
UNLOCK TABLES;

--
-- Table structure for table `cn_share`
--

DROP TABLE IF EXISTS `cn_share`;
/*!40101 SET @saved_cs_client     = @@character_set_client */;
/*!40101 SET character_set_client = utf8 */;
CREATE TABLE `cn_share` (
  `cn_share_id` varchar(100) NOT NULL COMMENT '共享ID',
  `cn_share_title` varchar(500) DEFAULT NULL COMMENT '共享标题',
  `cn_share_body` text COMMENT '共享内容',
  `cn_note_id` varchar(100) DEFAULT NULL COMMENT '笔记id',
  PRIMARY KEY (`cn_share_id`)
) ENGINE=InnoDB DEFAULT CHARSET=utf8;
/*!40101 SET character_set_client = @saved_cs_client */;

--
-- Dumping data for table `cn_share`
--

LOCK TABLES `cn_share` WRITE;
/*!40000 ALTER TABLE `cn_share` DISABLE KEYS */;
INSERT INTO `cn_share` VALUES ('0e3e221f988843d4b848cf1b80ad342e','ECE 656 Class Note1','<p>Introduction to Database systems</p>','154ef2d2b1bb438785e969a4e821dadd'),('162ea40896b049c79be18e0d2f77e9cc','测试笔记——1','','89732d3a-a85a-4a9c-8618-2b3a9b3c2d65'),('2135fef2d880493f8425f8746105d5d5','ECE 606 Class Note1','<p>First Class:</p><p><br/></p><p><strong>Introduction to Algorithms</strong></p><p><strong><br/></strong></p><p><strong><br/></strong></p>','e1684e191509443d8c670208565dfc3e'),('2b7db9635bf1418c9622d44cd4f03e15','测试收藏活动笔记——1','<p>测试收藏活动笔记——1测试收藏活动笔记——1测试收藏活动笔记——1测试收藏活动笔记——1测试收藏活动笔记——1测试收藏活动笔记——1测试收藏活动笔记——1测试收藏活动笔记——1测试收藏活动笔记——1测试收藏活动笔记——1测试收藏活动笔记——1测试收藏活动笔记——1</p>','9598cb72-4215-4b58-b7c6-b51ed0b7b3b4'),('3ccc7bf89c5c4e8a9ee073a088b224cc','测试收藏活动笔记——2','<p>测试收藏活动笔记——1测试收藏活动笔记——1测试收藏活动笔记——1测试收藏活动笔记——1测试收藏活动笔记——1测试收藏活动笔记——1测试收藏活动笔记——1测试收藏活动笔记——1测试收藏活动笔记——1测试收藏活动笔记——1测试收藏活动笔记——1测试收藏活动笔记——1</p>','c9250b3e-ed22-432c-960a-175dbc2134d1'),('52b263ff7f854726ba239beeb4319efd','测试笔记本','<p>空空如也</p>','88769b2903944cad9caee53ec0bbc72b'),('646c9f2a95cc4eb39c0fea5ef7b2dff6','ECE 651 Class Note1','<p>High level Software Engineering</p>','2e22d7f656ac43dd8fc6b7db408dff4a'),('7a2a205f6daf402e93d51444f936efc7','ECE 650 Class Note1','<p>Fundamental to Software Engineering</p>','76d82ad4d8c44fde8b991bd0306c2b58'),('bddca0d5d1694de9ae617cbf92384cf2','ECE 651 Class Note1','<p>High level Software Engineering</p>','2e22d7f656ac43dd8fc6b7db408dff4a'),('dc0a94110fef47788a4839b75c229dcf','测试参加活动——乱七八糟','<p>11</p>','148800c2-885d-41be-bd9a-581763138074'),('e439e28af12a42e7b9a31900cacfcfe9','ECE 657A','<p>Nothing here</p>','7283ce82b3a7435199d63c71756f2c2b');
/*!40000 ALTER TABLE `cn_share` ENABLE KEYS */;
UNLOCK TABLES;

--
-- Table structure for table `cn_user`
--

DROP TABLE IF EXISTS `cn_user`;
/*!40101 SET @saved_cs_client     = @@character_set_client */;
/*!40101 SET character_set_client = utf8 */;
CREATE TABLE `cn_user` (
  `cn_user_id` varchar(100) NOT NULL COMMENT '用户ID',
  `cn_user_name` varchar(100) DEFAULT NULL COMMENT '用户名',
  `cn_user_password` varchar(100) DEFAULT NULL COMMENT '密码',
  `cn_user_token` varchar(100) DEFAULT NULL COMMENT '令牌',
  `cn_user_nick` varchar(100) DEFAULT NULL,
  PRIMARY KEY (`cn_user_id`)
) ENGINE=InnoDB DEFAULT CHARSET=utf8;
/*!40101 SET character_set_client = @saved_cs_client */;

--
-- Dumping data for table `cn_user`
--

LOCK TABLES `cn_user` WRITE;
/*!40000 ALTER TABLE `cn_user` DISABLE KEYS */;
INSERT INTO `cn_user` VALUES ('03590914-a934-4da9-ba4d-b41799f917d1','zhouj','4QrcOUm6Wau+VuBX8g+IPg==',NULL,NULL),('0450a767d8fe4830a7155b8c3a8785df','lywme1','vL4zZeasleosA0OiOVg03Q==',NULL,'d'),('2273f742-61ec-4440-b88a-42cf48db19ff','zhoujia123','4QrcOUm6Wau+VuBX8g+IPg==',NULL,NULL),('333c6d0b-e4a2-4596-9902-a5d98c2f665a','test1','4QrcOUm6Wau+VuBX8g+IPg==',NULL,NULL),('34b97de49437479a83ca1f97a18362a7','demo1','4QrcOUm6Wau+VuBX8g+IPg==',NULL,'demo1'),('39295a3d-cc9b-42b4-b206-a2e7fab7e77c','zhoujia','4QrcOUm6Wau+VuBX8g+IPg==',NULL,NULL),('48595f52-b22c-4485-9244-f4004255b972','demo','4QrcOUm6Wau+VuBX8g+IPg==',NULL,NULL),('524f7440-7283-4b2d-8af5-4a67570e892e','pc','4QrcOUm6Wau+VuBX8g+IPg==',NULL,NULL),('52f9b276-38ee-447f-a3aa-0d54e7a736e4','wsf','4QrcOUm6Wau+VuBX8g+IPg==',NULL,NULL),('6f339f0a-2068-4db1-8fef-8e68f444c72c','saipi','4QrcOUm6Wau+VuBX8g+IPg==',NULL,NULL),('974375a8-8557-4308-bd36-9455c7863239','zhoujia1231','4QrcOUm6Wau+VuBX8g+IPg==',NULL,NULL),('99a001f73dec41c5b70fb5d9584cefbf','Darren','4QrcOUm6Wau+VuBX8g+IPg==',NULL,'Darren'),('bf9d2885-f34e-4c78-9ae5-2723f62aa2b5','saipi','4QrcOUm6Wau+VuBX8g+IPg==',NULL,NULL),('ea09d9b1-ede7-4bd8-b43d-a546680df00b','yht','4QrcOUm6Wau+VuBX8g+IPg==',NULL,NULL);
/*!40000 ALTER TABLE `cn_user` ENABLE KEYS */;
UNLOCK TABLES;
/*!40103 SET TIME_ZONE=@OLD_TIME_ZONE */;

/*!40101 SET SQL_MODE=@OLD_SQL_MODE */;
/*!40014 SET FOREIGN_KEY_CHECKS=@OLD_FOREIGN_KEY_CHECKS */;
/*!40014 SET UNIQUE_CHECKS=@OLD_UNIQUE_CHECKS */;
/*!40101 SET CHARACTER_SET_CLIENT=@OLD_CHARACTER_SET_CLIENT */;
/*!40101 SET CHARACTER_SET_RESULTS=@OLD_CHARACTER_SET_RESULTS */;
/*!40101 SET COLLATION_CONNECTION=@OLD_COLLATION_CONNECTION */;
/*!40111 SET SQL_NOTES=@OLD_SQL_NOTES */;

-- Dump completed on 2020-04-10 10:51:40
